Order_ID,Order_Date,Region,Country,Category,Sub_Category,Customer_Age,Age_Group,Quantity,Unit_Price,Discount_%,Sales,Discount_Amount,Profit
10001,01 January 2023,South,India,Furniture,Mobile,33,25-34,5,1977,0,9885,0,9885
10002,02 January 2023,West,Australia,Grocery,Jeans,29,25-34,8,40037,15,320296,48044.4,272251.6
10003,03 January 2023,North,USA,Grocery,Laptop,22,18-24,4,40658,20,162632,32526.4,130105.6
10004,04 January 2023,North,Australia,Grocery,Beverages,62,55+,8,27479,15,219832,32974.8,186857.2
10005,05 January 2023,West,India,Clothing,Shirt,25,25-34,9,30713,20,276417,55283.4,221133.6
10006,06 January 2023,South,UK,Furniture,Chair,48,45-54,6,13469,10,80814,8081.4,72732.6
10007,07 January 2023,West,Canada,Clothing,Table,42,35-44,3,10458,10,31374,3137.4,28236.6
10008,08 January 2023,South,UK,Clothing,Chair,34,25-34,2,39290,20,78580,15716,62864
10009,09 January 2023,West,USA,Clothing,Jeans,55,55+,3,22004,10,66012,6601.2,59410.8
10010,10 January 2023,North,Canada,Furniture,Laptop,35,35-44,6,4000,5,24000,1200,22800
10011,11 January 2023,North,USA,Clothing,Mobile,32,25-34,9,24882,15,223938,33590.7,190347.3
10012,12 January 2023,South,USA,Furniture,Snacks,58,55+,4,26430,5,105720,5286,100434
10013,13 January 2023,North,UK,Grocery,Snacks,29,25-34,5,3812,10,19060,1906,17154
10014,14 January 2023,West,India,Electronics,Chair,18,18-24,3,25609,15,76827,11524.05,65302.95
10015,15 January 2023,South,Australia,Clothing,Beverages,41,35-44,5,214,15,1070,160.5,909.5
10016,16 January 2023,North,Australia,Electronics,Table,35,35-44,6,608,15,3648,547.2,3100.8
10017,17 January 2023,East,UK,Electronics,Table,44,35-44,8,25545,10,204360,20436,183924
10018,18 January 2023,South,UK,Clothing,Laptop,30,25-34,2,39604,10,79208,7920.8,71287.2
10019,19 January 2023,East,Australia,Clothing,Table,35,35-44,9,12725,5,114525,5726.25,108798.75
10020,20 January 2023,North,India,Clothing,Beverages,46,45-54,5,32544,0,162720,0,162720
10021,21 January 2023,East,India,Grocery,Jeans,53,45-54,4,42944,20,171776,34355.2,137420.8
10022,22 January 2023,South,Canada,Furniture,Mobile,34,25-34,1,6093,5,6093,304.65,5788.35
10023,23 January 2023,East,Australia,Electronics,Chair,26,25-34,2,46203,15,92406,13860.9,78545.1
10024,24 January 2023,North,Australia,Clothing,Table,34,25-34,8,36720,15,293760,44064,249696
10025,25 January 2023,West,Canada,Furniture,Mobile,24,18-24,2,48716,10,97432,9743.2,87688.8
10026,26 January 2023,North,USA,Clothing,Chair,39,35-44,2,38626,5,77252,3862.6,73389.4
10027,27 January 2023,East,India,Clothing,Beverages,52,45-54,3,34675,5,104025,5201.25,98823.75
10028,28 January 2023,North,Canada,Electronics,Jeans,63,55+,9,39008,5,351072,17553.6,333518.4
10029,29 January 2023,South,USA,Furniture,Jeans,60,55+,4,21411,5,85644,4282.2,81361.8
10030,30 January 2023,East,UK,Grocery,Table,43,35-44,4,3436,10,13744,1374.4,12369.6
10031,31 January 2023,East,Canada,Grocery,Snacks,53,45-54,5,20582,5,102910,5145.5,97764.5
10032,01 February 2023,North,Canada,Electronics,Jeans,60,55+,9,18446,10,166014,16601.4,149412.6
10033,02 February 2023,West,USA,Furniture,Laptop,29,25-34,3,15563,15,46689,7003.35,39685.65
10034,03 February 2023,West,India,Electronics,Jeans,44,35-44,9,45683,20,411147,82229.4,328917.6
10035,04 February 2023,South,Australia,Grocery,Chair,41,35-44,7,20562,5,143934,7196.7,136737.3
10036,05 February 2023,South,India,Furniture,Snacks,28,25-34,5,36733,20,183665,36733,146932
10037,06 February 2023,West,USA,Furniture,Jeans,20,18-24,5,17279,20,86395,17279,69116
10038,07 February 2023,East,USA,Electronics,Laptop,31,25-34,2,23440,5,46880,2344,44536
10039,08 February 2023,North,Canada,Clothing,Laptop,54,45-54,4,23070,10,92280,9228,83052
10040,09 February 2023,East,Australia,Grocery,Table,49,45-54,7,7475,5,52325,2616.25,49708.75
10041,10 February 2023,South,Australia,Grocery,Shirt,23,18-24,5,41832,20,209160,41832,167328
10042,11 February 2023,South,UK,Furniture,Shirt,52,45-54,3,35055,15,105165,15774.75,89390.25
10043,12 February 2023,South,UK,Clothing,Shirt,62,55+,3,24914,5,74742,3737.1,71004.9
10044,13 February 2023,West,UK,Grocery,Chair,50,45-54,4,29320,15,117280,17592,99688
10045,14 February 2023,West,UK,Clothing,Table,36,35-44,1,39161,5,39161,1958.05,37202.95
10046,15 February 2023,South,Canada,Clothing,Chair,45,45-54,9,44378,5,399402,19970.1,379431.9
10047,16 February 2023,East,Australia,Furniture,Beverages,45,45-54,9,21568,5,194112,9705.6,184406.4
10048,17 February 2023,South,USA,Grocery,Jeans,27,25-34,7,32365,10,226555,22655.5,203899.5
10049,18 February 2023,South,Canada,Furniture,Shirt,58,55+,4,23631,5,94524,4726.2,89797.8
10050,19 February 2023,North,USA,Clothing,Table,35,35-44,1,37845,20,37845,7569,30276
10051,20 February 2023,North,USA,Electronics,Mobile,30,25-34,6,43710,0,262260,0,262260
10052,21 February 2023,South,Australia,Grocery,Snacks,59,55+,8,33657,20,269256,53851.2,215404.8
10053,22 February 2023,North,USA,Furniture,Chair,24,18-24,6,44144,20,264864,52972.8,211891.2
10054,23 February 2023,North,Canada,Electronics,Jeans,20,18-24,9,1120,10,10080,1008,9072
10055,24 February 2023,South,India,Clothing,Beverages,52,45-54,5,44689,20,223445,44689,178756
10056,25 February 2023,West,Australia,Furniture,Jeans,34,25-34,2,20165,5,40330,2016.5,38313.5
10057,26 February 2023,West,India,Electronics,Laptop,20,18-24,7,30808,0,215656,0,215656
10058,27 February 2023,East,Australia,Grocery,Laptop,41,35-44,2,44368,0,88736,0,88736
10059,28 February 2023,South,USA,Grocery,Table,64,55+,5,5081,5,25405,1270.25,24134.75
10060,01 March 2023,North,UK,Electronics,Laptop,25,25-34,1,12672,5,12672,633.6,12038.4
10061,02 March 2023,East,India,Grocery,Laptop,63,55+,6,42598,0,255588,0,255588
10062,03 March 2023,West,UK,Clothing,Laptop,32,25-34,7,35114,5,245798,12289.9,233508.1
10063,04 March 2023,West,Australia,Furniture,Laptop,54,45-54,8,15382,10,123056,12305.6,110750.4
10064,05 March 2023,East,Australia,Electronics,Jeans,44,35-44,8,18550,20,148400,29680,118720
10065,06 March 2023,South,USA,Clothing,Mobile,60,55+,5,44374,20,221870,44374,177496
10066,07 March 2023,South,India,Electronics,Jeans,57,55+,4,20160,20,80640,16128,64512
10067,08 March 2023,South,USA,Furniture,Jeans,44,35-44,7,23094,5,161658,8082.9,153575.1
10068,09 March 2023,West,Australia,Electronics,Mobile,63,55+,4,49069,5,196276,9813.8,186462.2
10069,10 March 2023,North,USA,Clothing,Mobile,36,35-44,7,13340,10,93380,9338,84042
10070,11 March 2023,North,Canada,Electronics,Snacks,38,35-44,8,44965,5,359720,17986,341734
10071,12 March 2023,South,India,Grocery,Beverages,53,45-54,6,49128,5,294768,14738.4,280029.6
10072,13 March 2023,West,UK,Electronics,Jeans,31,25-34,1,37002,20,37002,7400.4,29601.6
10073,14 March 2023,North,USA,Clothing,Jeans,27,25-34,7,24883,5,174181,8709.05,165471.95
10074,15 March 2023,East,USA,Furniture,Beverages,59,55+,4,43695,15,174780,26217,148563
10075,16 March 2023,North,USA,Grocery,Beverages,43,35-44,8,17369,5,138952,6947.6,132004.4
10076,17 March 2023,North,UK,Furniture,Jeans,18,18-24,4,14101,0,56404,0,56404
10077,18 March 2023,South,Australia,Clothing,Mobile,42,35-44,2,3342,10,6684,668.4,6015.6
10078,19 March 2023,West,India,Clothing,Beverages,57,55+,3,33321,15,99963,14994.45,84968.55
10079,20 March 2023,South,UK,Grocery,Beverages,39,35-44,5,46712,15,233560,35034,198526
10080,21 March 2023,East,India,Clothing,Laptop,39,35-44,2,4306,20,8612,1722.4,6889.6
10081,22 March 2023,West,Australia,Clothing,Chair,63,55+,1,41427,15,41427,6214.05,35212.95
10082,23 March 2023,North,UK,Grocery,Snacks,62,55+,7,22884,10,160188,16018.8,144169.2
10083,24 March 2023,North,Canada,Electronics,Shirt,42,35-44,6,14343,15,86058,12908.7,73149.3
10084,25 March 2023,South,UK,Furniture,Mobile,37,35-44,7,37625,10,263375,26337.5,237037.5
10085,26 March 2023,West,India,Furniture,Mobile,22,18-24,4,23738,20,94952,18990.4,75961.6
10086,27 March 2023,East,Australia,Furniture,Shirt,21,18-24,5,27861,15,139305,20895.75,118409.25
10087,28 March 2023,West,UK,Grocery,Mobile,24,18-24,5,24906,0,124530,0,124530
10088,29 March 2023,West,Canada,Clothing,Table,53,45-54,7,38948,0,272636,0,272636
10089,30 March 2023,East,USA,Clothing,Mobile,64,55+,5,37996,5,189980,9499,180481
10090,31 March 2023,South,India,Clothing,Snacks,52,45-54,7,7711,15,53977,8096.55,45880.45
10091,01 April 2023,North,India,Electronics,Table,42,35-44,9,16101,0,144909,0,144909
10092,02 April 2023,East,UK,Grocery,Chair,41,35-44,6,109,5,654,32.7,621.3
10093,03 April 2023,South,UK,Furniture,Mobile,27,25-34,5,17243,15,86215,12932.25,73282.75
10094,04 April 2023,West,UK,Clothing,Table,38,35-44,2,16161,20,32322,6464.4,25857.6
10095,05 April 2023,West,India,Clothing,Table,30,25-34,7,2940,0,20580,0,20580
10096,06 April 2023,East,Canada,Furniture,Shirt,26,25-34,8,36489,15,291912,43786.8,248125.2
10097,07 April 2023,West,USA,Clothing,Beverages,33,25-34,5,2767,10,13835,1383.5,12451.5
10098,08 April 2023,South,USA,Furniture,Laptop,36,35-44,4,24234,15,96936,14540.4,82395.6
10099,09 April 2023,North,USA,Electronics,Mobile,59,55+,4,36631,10,146524,14652.4,131871.6
10100,10 April 2023,West,Canada,Electronics,Chair,45,45-54,5,29238,0,146190,0,146190
10101,11 April 2023,South,UK,Clothing,Beverages,50,45-54,9,25015,10,225135,22513.5,202621.5
10102,12 April 2023,South,USA,Furniture,Chair,36,35-44,3,38606,15,115818,17372.7,98445.3
10103,13 April 2023,West,USA,Grocery,Chair,43,35-44,9,15261,15,137349,20602.35,116746.65
10104,14 April 2023,East,UK,Electronics,Beverages,25,25-34,5,17782,10,88910,8891,80019
10105,15 April 2023,North,UK,Furniture,Snacks,27,25-34,9,30993,0,278937,0,278937
10106,16 April 2023,North,Australia,Clothing,Table,50,45-54,9,546,5,4914,245.7,4668.3
10107,17 April 2023,East,Canada,Electronics,Beverages,43,35-44,5,36922,20,184610,36922,147688
10108,18 April 2023,East,USA,Clothing,Shirt,33,25-34,4,28710,5,114840,5742,109098
10109,19 April 2023,West,Australia,Electronics,Laptop,42,35-44,9,31894,15,287046,43056.9,243989.1
10110,20 April 2023,West,Canada,Clothing,Mobile,40,35-44,2,28993,0,57986,0,57986
10111,21 April 2023,West,Canada,Electronics,Jeans,52,45-54,1,46636,15,46636,6995.4,39640.6
10112,22 April 2023,West,India,Furniture,Laptop,25,25-34,9,41692,5,375228,18761.4,356466.6
10113,23 April 2023,South,UK,Clothing,Beverages,55,55+,7,16459,5,115213,5760.65,109452.35
10114,24 April 2023,West,USA,Grocery,Chair,52,45-54,6,21162,10,126972,12697.2,114274.8
10115,25 April 2023,West,Australia,Grocery,Jeans,57,55+,8,12080,5,96640,4832,91808
10116,26 April 2023,North,USA,Furniture,Shirt,18,18-24,6,4404,15,26424,3963.6,22460.4
10117,27 April 2023,East,Australia,Furniture,Mobile,29,25-34,3,23688,15,71064,10659.6,60404.4
10118,28 April 2023,East,USA,Electronics,Chair,27,25-34,7,40744,10,285208,28520.8,256687.2
10119,29 April 2023,East,Canada,Electronics,Chair,18,18-24,8,10707,10,85656,8565.6,77090.4
10120,30 April 2023,North,Canada,Electronics,Beverages,57,55+,5,18184,10,90920,9092,81828
10121,01 May 2023,North,UK,Furniture,Shirt,32,25-34,7,14543,15,101801,15270.15,86530.85
10122,02 May 2023,West,India,Clothing,Shirt,40,35-44,9,32048,10,288432,28843.2,259588.8
10123,03 May 2023,West,Australia,Furniture,Table,44,35-44,4,11280,5,45120,2256,42864
10124,04 May 2023,South,India,Electronics,Jeans,33,25-34,2,35859,10,71718,7171.8,64546.2
10125,05 May 2023,South,Australia,Electronics,Table,35,35-44,9,29142,15,262278,39341.7,222936.3
10126,06 May 2023,South,USA,Electronics,Beverages,30,25-34,3,31059,10,93177,9317.7,83859.3
10127,07 May 2023,West,Canada,Furniture,Snacks,46,45-54,6,4624,20,27744,5548.8,22195.2
10128,08 May 2023,North,India,Grocery,Jeans,44,35-44,1,43543,10,43543,4354.3,39188.7
10129,09 May 2023,North,UK,Furniture,Table,42,35-44,7,6008,10,42056,4205.6,37850.4
10130,10 May 2023,South,India,Furniture,Snacks,50,45-54,3,26982,10,80946,8094.6,72851.4
10131,11 May 2023,South,USA,Electronics,Mobile,61,55+,8,11282,0,90256,0,90256
10132,12 May 2023,East,UK,Furniture,Mobile,43,35-44,6,7905,5,47430,2371.5,45058.5
10133,13 May 2023,North,UK,Furniture,Table,52,45-54,4,13019,15,52076,7811.4,44264.6
10134,14 May 2023,South,UK,Furniture,Table,31,25-34,7,10318,20,72226,14445.2,57780.8
10135,15 May 2023,East,Canada,Electronics,Table,23,18-24,5,25648,10,128240,12824,115416
10136,16 May 2023,East,USA,Clothing,Beverages,64,55+,4,36554,10,146216,14621.6,131594.4
10137,17 May 2023,North,UK,Electronics,Jeans,55,55+,2,22920,0,45840,0,45840
10138,18 May 2023,West,UK,Clothing,Laptop,18,18-24,4,5777,15,23108,3466.2,19641.8
10139,19 May 2023,South,Australia,Electronics,Shirt,28,25-34,5,8306,10,41530,4153,37377
10140,20 May 2023,West,USA,Furniture,Mobile,51,45-54,2,19836,0,39672,0,39672
10141,21 May 2023,West,USA,Grocery,Chair,19,18-24,4,7736,20,30944,6188.8,24755.2
10142,22 May 2023,South,India,Grocery,Shirt,26,25-34,9,7979,5,71811,3590.55,68220.45
10143,23 May 2023,North,USA,Clothing,Chair,45,45-54,1,31106,15,31106,4665.9,26440.1
10144,24 May 2023,West,India,Electronics,Laptop,39,35-44,4,3137,5,12548,627.4,11920.6
10145,25 May 2023,North,USA,Clothing,Beverages,40,35-44,5,12355,20,61775,12355,49420
10146,26 May 2023,West,UK,Furniture,Shirt,55,55+,7,35183,15,246281,36942.15,209338.85
10147,27 May 2023,North,USA,Electronics,Shirt,26,25-34,9,23830,0,214470,0,214470
10148,28 May 2023,East,India,Furniture,Jeans,28,25-34,6,21164,5,126984,6349.2,120634.8
10149,29 May 2023,North,Canada,Clothing,Beverages,46,45-54,9,24872,5,223848,11192.4,212655.6
10150,30 May 2023,West,India,Furniture,Table,32,25-34,5,24398,5,121990,6099.5,115890.5
10151,31 May 2023,West,India,Grocery,Beverages,32,25-34,4,36531,0,146124,0,146124
10152,01 June 2023,South,India,Clothing,Snacks,42,35-44,3,21218,10,63654,6365.4,57288.6
10153,02 June 2023,North,UK,Grocery,Mobile,63,55+,7,22690,20,158830,31766,127064
10154,03 June 2023,South,Canada,Clothing,Beverages,60,55+,2,10422,10,20844,2084.4,18759.6
10155,04 June 2023,North,USA,Electronics,Laptop,40,35-44,2,7303,5,14606,730.3,13875.7
10156,05 June 2023,North,Canada,Furniture,Snacks,48,45-54,6,45808,5,274848,13742.4,261105.6
10157,06 June 2023,East,Canada,Electronics,Beverages,37,35-44,1,21472,0,21472,0,21472
10158,07 June 2023,North,UK,Grocery,Table,31,25-34,1,16181,5,16181,809.05,15371.95
10159,08 June 2023,South,UK,Grocery,Mobile,25,25-34,3,16131,10,48393,4839.3,43553.7
10160,09 June 2023,East,USA,Clothing,Chair,59,55+,9,24746,20,222714,44542.8,178171.2
10161,10 June 2023,West,Canada,Clothing,Chair,60,55+,4,28074,20,112296,22459.2,89836.8
10162,11 June 2023,North,Canada,Grocery,Table,36,35-44,6,42681,20,256086,51217.2,204868.8
10163,12 June 2023,South,UK,Clothing,Jeans,29,25-34,5,11005,10,55025,5502.5,49522.5
10164,13 June 2023,West,UK,Electronics,Chair,30,25-34,3,14168,0,42504,0,42504
10165,14 June 2023,South,Canada,Clothing,Snacks,46,45-54,9,38140,10,343260,34326,308934
10166,15 June 2023,North,UK,Electronics,Beverages,55,55+,2,47384,5,94768,4738.4,90029.6
10167,16 June 2023,East,Canada,Furniture,Table,63,55+,9,16985,0,152865,0,152865
10168,17 June 2023,North,Canada,Electronics,Chair,48,45-54,3,33125,0,99375,0,99375
10169,18 June 2023,North,Canada,Grocery,Laptop,40,35-44,1,18109,0,18109,0,18109
10170,19 June 2023,North,USA,Grocery,Mobile,30,25-34,2,48151,20,96302,19260.4,77041.6
10171,20 June 2023,North,Canada,Electronics,Chair,43,35-44,4,16451,0,65804,0,65804
10172,21 June 2023,South,Australia,Furniture,Shirt,56,55+,4,39586,0,158344,0,158344
10173,22 June 2023,East,India,Clothing,Chair,40,35-44,7,25101,20,175707,35141.4,140565.6
10174,23 June 2023,North,USA,Clothing,Chair,29,25-34,8,49703,10,397624,39762.4,357861.6
10175,24 June 2023,South,India,Grocery,Snacks,37,35-44,1,42790,10,42790,4279,38511
10176,25 June 2023,North,Australia,Clothing,Table,62,55+,3,46990,0,140970,0,140970
10177,26 June 2023,East,Australia,Electronics,Shirt,42,35-44,1,37146,10,37146,3714.6,33431.4
10178,27 June 2023,West,USA,Clothing,Shirt,28,25-34,8,23114,15,184912,27736.8,157175.2
10179,28 June 2023,South,Australia,Furniture,Table,45,45-54,9,13739,10,123651,12365.1,111285.9
10180,29 June 2023,East,Canada,Electronics,Chair,44,35-44,2,17664,10,35328,3532.8,31795.2
10181,30 June 2023,North,UK,Grocery,Snacks,58,55+,7,37323,20,261261,52252.2,209008.8
10182,01 July 2023,North,Canada,Grocery,Laptop,61,55+,3,14061,20,42183,8436.6,33746.4
10183,02 July 2023,West,UK,Furniture,Shirt,20,18-24,1,1242,15,1242,186.3,1055.7
10184,03 July 2023,East,India,Clothing,Shirt,26,25-34,5,1132,15,5660,849,4811
10185,04 July 2023,East,Canada,Grocery,Beverages,29,25-34,4,22033,0,88132,0,88132
10186,05 July 2023,East,UK,Clothing,Laptop,25,25-34,7,28256,10,197792,19779.2,178012.8
10187,06 July 2023,North,Australia,Furniture,Laptop,54,45-54,1,2908,0,2908,0,2908
10188,07 July 2023,South,India,Clothing,Beverages,47,45-54,7,33365,0,233555,0,233555
10189,08 July 2023,East,USA,Furniture,Mobile,49,45-54,4,23233,0,92932,0,92932
10190,09 July 2023,East,UK,Electronics,Chair,28,25-34,2,34217,20,68434,13686.8,54747.2
10191,10 July 2023,East,Australia,Grocery,Chair,26,25-34,8,38392,5,307136,15356.8,291779.2
10192,11 July 2023,East,USA,Grocery,Table,31,25-34,7,49494,20,346458,69291.6,277166.4
10193,12 July 2023,West,Australia,Clothing,Jeans,53,45-54,5,43071,20,215355,43071,172284
10194,13 July 2023,West,UK,Furniture,Chair,45,45-54,7,22901,5,160307,8015.35,152291.65
10195,14 July 2023,North,USA,Clothing,Jeans,23,18-24,8,42531,10,340248,34024.8,306223.2
10196,15 July 2023,East,Australia,Electronics,Laptop,54,45-54,4,40032,15,160128,24019.2,136108.8
10197,16 July 2023,West,Canada,Electronics,Snacks,36,35-44,9,21963,5,197667,9883.35,187783.65
10198,17 July 2023,South,Canada,Clothing,Table,21,18-24,7,16929,10,118503,11850.3,106652.7
10199,18 July 2023,South,USA,Grocery,Table,24,18-24,8,5532,0,44256,0,44256
10200,19 July 2023,East,UK,Clothing,Jeans,56,55+,3,8914,20,26742,5348.4,21393.6
10201,20 July 2023,North,USA,Furniture,Chair,36,35-44,8,30673,20,245384,49076.8,196307.2
10202,21 July 2023,East,USA,Electronics,Jeans,25,25-34,7,13077,10,91539,9153.9,82385.1
10203,22 July 2023,North,USA,Clothing,Shirt,33,25-34,8,41487,15,331896,49784.4,282111.6
10204,23 July 2023,East,UK,Grocery,Snacks,62,55+,4,4067,15,16268,2440.2,13827.8
10205,24 July 2023,South,India,Clothing,Beverages,64,55+,7,31929,15,223503,33525.45,189977.55
10206,25 July 2023,South,Australia,Furniture,Laptop,51,45-54,6,10063,5,60378,3018.9,57359.1
10207,26 July 2023,South,Australia,Grocery,Snacks,28,25-34,9,41758,20,375822,75164.4,300657.6
10208,27 July 2023,East,Canada,Clothing,Beverages,21,18-24,7,41797,20,292579,58515.8,234063.2
10209,28 July 2023,South,Canada,Clothing,Beverages,42,35-44,8,46329,10,370632,37063.2,333568.8
10210,29 July 2023,South,UK,Grocery,Laptop,61,55+,7,16126,15,112882,16932.3,95949.7
10211,30 July 2023,North,India,Clothing,Laptop,43,35-44,1,14330,10,14330,1433,12897
10212,31 July 2023,East,UK,Electronics,Snacks,44,35-44,7,42686,5,298802,14940.1,283861.9
10213,01 August 2023,North,Australia,Furniture,Shirt,19,18-24,2,22423,15,44846,6726.9,38119.1
10214,02 August 2023,West,Australia,Clothing,Beverages,55,55+,1,42270,15,42270,6340.5,35929.5
10215,03 August 2023,South,USA,Clothing,Table,24,18-24,2,42949,5,85898,4294.9,81603.1
10216,04 August 2023,North,UK,Clothing,Beverages,36,35-44,6,46890,20,281340,56268,225072
10217,05 August 2023,South,UK,Clothing,Laptop,52,45-54,1,20199,15,20199,3029.85,17169.15
10218,06 August 2023,South,Canada,Grocery,Chair,49,45-54,6,9347,20,56082,11216.4,44865.6
10219,07 August 2023,West,USA,Furniture,Laptop,50,45-54,2,17774,20,35548,7109.6,28438.4
10220,08 August 2023,North,Australia,Electronics,Beverages,58,55+,1,24335,10,24335,2433.5,21901.5
10221,09 August 2023,South,Canada,Electronics,Beverages,34,25-34,4,45178,5,180712,9035.6,171676.4
10222,10 August 2023,West,Canada,Grocery,Chair,52,45-54,5,23267,15,116335,17450.25,98884.75
10223,11 August 2023,South,Australia,Furniture,Jeans,61,55+,3,42099,20,126297,25259.4,101037.6
10224,12 August 2023,South,USA,Electronics,Jeans,54,45-54,7,22063,20,154441,30888.2,123552.8
10225,13 August 2023,East,India,Electronics,Shirt,36,35-44,7,3153,0,22071,0,22071
10226,14 August 2023,South,UK,Furniture,Table,26,25-34,7,26462,20,185234,37046.8,148187.2
10227,15 August 2023,North,India,Clothing,Snacks,20,18-24,6,14247,0,85482,0,85482
10228,16 August 2023,North,Canada,Furniture,Laptop,37,35-44,3,35195,5,105585,5279.25,100305.75
10229,17 August 2023,West,UK,Grocery,Laptop,48,45-54,4,40606,10,162424,16242.4,146181.6
10230,18 August 2023,East,Canada,Clothing,Chair,29,25-34,7,43174,10,302218,30221.8,271996.2
10231,19 August 2023,South,USA,Electronics,Shirt,43,35-44,7,37619,0,263333,0,263333
10232,20 August 2023,North,Canada,Grocery,Table,53,45-54,3,254,20,762,152.4,609.6
10233,21 August 2023,West,UK,Electronics,Jeans,33,25-34,9,35547,15,319923,47988.45,271934.55
10234,22 August 2023,West,Canada,Grocery,Mobile,58,55+,8,46844,5,374752,18737.6,356014.4
10235,23 August 2023,North,India,Grocery,Beverages,30,25-34,4,47870,20,191480,38296,153184
10236,24 August 2023,West,India,Furniture,Snacks,30,25-34,6,4880,10,29280,2928,26352
10237,25 August 2023,South,Australia,Electronics,Jeans,28,25-34,3,45393,0,136179,0,136179
10238,26 August 2023,East,India,Clothing,Laptop,24,18-24,2,19419,5,38838,1941.9,36896.1
10239,27 August 2023,West,UK,Clothing,Mobile,32,25-34,5,2113,15,10565,1584.75,8980.25
10240,28 August 2023,South,UK,Clothing,Snacks,49,45-54,3,23220,5,69660,3483,66177
10241,29 August 2023,South,India,Furniture,Beverages,51,45-54,7,17497,10,122479,12247.9,110231.1
10242,30 August 2023,North,Canada,Furniture,Mobile,61,55+,2,11957,5,23914,1195.7,22718.3
10243,31 August 2023,South,UK,Clothing,Beverages,27,25-34,2,24615,0,49230,0,49230
10244,01 September 2023,North,Canada,Grocery,Beverages,56,55+,9,26013,5,234117,11705.85,222411.15
10245,02 September 2023,South,Australia,Furniture,Jeans,40,35-44,6,17829,15,106974,16046.1,90927.9
10246,03 September 2023,North,USA,Clothing,Table,64,55+,3,33508,5,100524,5026.2,95497.8
10247,04 September 2023,South,Canada,Grocery,Chair,55,55+,5,25688,10,128440,12844,115596
10248,05 September 2023,West,UK,Clothing,Jeans,54,45-54,5,41455,15,207275,31091.25,176183.75
10249,06 September 2023,South,Australia,Electronics,Beverages,28,25-34,7,27210,15,190470,28570.5,161899.5
10250,07 September 2023,South,USA,Grocery,Mobile,57,55+,5,9315,15,46575,6986.25,39588.75
10251,08 September 2023,West,UK,Grocery,Laptop,31,25-34,4,2783,5,11132,556.6,10575.4
10252,09 September 2023,South,Canada,Furniture,Chair,37,35-44,1,19830,10,19830,1983,17847
10253,10 September 2023,North,USA,Grocery,Snacks,63,55+,3,28832,20,86496,17299.2,69196.8
10254,11 September 2023,East,UK,Furniture,Table,52,45-54,7,30697,15,214879,32231.85,182647.15
10255,12 September 2023,South,USA,Grocery,Mobile,53,45-54,7,37975,15,265825,39873.75,225951.25
10256,13 September 2023,West,Australia,Furniture,Snacks,25,25-34,6,3433,5,20598,1029.9,19568.1
10257,14 September 2023,North,Canada,Electronics,Chair,25,25-34,3,17323,10,51969,5196.9,46772.1
10258,15 September 2023,North,India,Electronics,Jeans,19,18-24,9,856,20,7704,1540.8,6163.2
10259,16 September 2023,East,UK,Furniture,Snacks,56,55+,3,4338,0,13014,0,13014
10260,17 September 2023,South,UK,Electronics,Jeans,21,18-24,6,42621,5,255726,12786.3,242939.7
10261,18 September 2023,West,Canada,Grocery,Laptop,64,55+,3,34252,0,102756,0,102756
10262,19 September 2023,North,Australia,Furniture,Jeans,24,18-24,7,25559,10,178913,17891.3,161021.7
10263,20 September 2023,East,Canada,Clothing,Beverages,21,18-24,1,40090,0,40090,0,40090
10264,21 September 2023,East,Australia,Grocery,Chair,26,25-34,5,12247,5,61235,3061.75,58173.25
10265,22 September 2023,East,USA,Clothing,Table,54,45-54,6,35062,10,210372,21037.2,189334.8
10266,23 September 2023,North,UK,Electronics,Snacks,38,35-44,9,49464,20,445176,89035.2,356140.8
10267,24 September 2023,South,UK,Electronics,Jeans,60,55+,9,2397,15,21573,3235.95,18337.05
10268,25 September 2023,West,Australia,Electronics,Chair,35,35-44,7,9488,5,66416,3320.8,63095.2
10269,26 September 2023,West,Canada,Furniture,Jeans,32,25-34,5,37790,20,188950,37790,151160
10270,27 September 2023,West,India,Clothing,Laptop,33,25-34,9,48042,5,432378,21618.9,410759.1
10271,28 September 2023,South,UK,Furniture,Shirt,53,45-54,4,13635,20,54540,10908,43632
10272,29 September 2023,South,UK,Furniture,Shirt,61,55+,6,16750,0,100500,0,100500
10273,30 September 2023,South,Canada,Grocery,Table,61,55+,2,28306,0,56612,0,56612
10274,01 October 2023,East,Canada,Electronics,Mobile,39,35-44,8,45228,5,361824,18091.2,343732.8
10275,02 October 2023,North,Australia,Grocery,Beverages,61,55+,3,15364,20,46092,9218.4,36873.6
10276,03 October 2023,West,UK,Electronics,Laptop,21,18-24,8,48512,10,388096,38809.6,349286.4
10277,04 October 2023,North,UK,Clothing,Mobile,64,55+,7,19631,10,137417,13741.7,123675.3
10278,05 October 2023,East,Australia,Electronics,Beverages,64,55+,1,29415,0,29415,0,29415
10279,06 October 2023,North,UK,Electronics,Laptop,20,18-24,5,5400,0,27000,0,27000
10280,07 October 2023,South,Australia,Furniture,Laptop,18,18-24,3,21637,5,64911,3245.55,61665.45
10281,08 October 2023,North,UK,Electronics,Mobile,35,35-44,2,24757,10,49514,4951.4,44562.6
10282,09 October 2023,West,India,Electronics,Jeans,36,35-44,2,2331,15,4662,699.3,3962.7
10283,10 October 2023,East,India,Electronics,Snacks,63,55+,4,41696,20,166784,33356.8,133427.2
10284,11 October 2023,West,UK,Electronics,Snacks,19,18-24,2,40126,20,80252,16050.4,64201.6
10285,12 October 2023,North,Australia,Clothing,Snacks,45,45-54,6,18249,15,109494,16424.1,93069.9
10286,13 October 2023,East,Canada,Clothing,Chair,50,45-54,3,35037,0,105111,0,105111
10287,14 October 2023,East,India,Grocery,Mobile,37,35-44,3,49867,5,149601,7480.05,142120.95
10288,15 October 2023,North,Australia,Electronics,Beverages,38,35-44,9,19024,20,171216,34243.2,136972.8
10289,16 October 2023,South,Canada,Furniture,Laptop,50,45-54,9,9335,15,84015,12602.25,71412.75
10290,17 October 2023,West,Australia,Clothing,Beverages,61,55+,8,6179,20,49432,9886.4,39545.6
10291,18 October 2023,North,Australia,Grocery,Mobile,38,35-44,8,46703,20,373624,74724.8,298899.2
10292,19 October 2023,North,USA,Clothing,Jeans,29,25-34,3,46303,0,138909,0,138909
10293,20 October 2023,North,India,Furniture,Chair,52,45-54,7,30055,20,210385,42077,168308
10294,21 October 2023,South,Canada,Electronics,Mobile,44,35-44,6,21259,20,127554,25510.8,102043.2
10295,22 October 2023,East,Canada,Furniture,Chair,54,45-54,6,40578,0,243468,0,243468
10296,23 October 2023,West,UK,Furniture,Jeans,64,55+,7,1658,10,11606,1160.6,10445.4
10297,24 October 2023,South,Canada,Clothing,Chair,55,55+,1,14550,15,14550,2182.5,12367.5
10298,25 October 2023,North,India,Grocery,Mobile,42,35-44,6,34659,20,207954,41590.8,166363.2
10299,26 October 2023,North,USA,Grocery,Jeans,58,55+,8,33868,15,270944,40641.6,230302.4
10300,27 October 2023,West,Australia,Electronics,Chair,24,18-24,2,49746,5,99492,4974.6,94517.4
10301,28 October 2023,North,Australia,Clothing,Snacks,62,55+,8,40868,0,326944,0,326944
10302,29 October 2023,South,India,Clothing,Beverages,48,45-54,8,5148,20,41184,8236.8,32947.2
10303,30 October 2023,East,Canada,Electronics,Snacks,51,45-54,5,35243,0,176215,0,176215
10304,31 October 2023,North,USA,Furniture,Mobile,19,18-24,7,17543,0,122801,0,122801
10305,01 November 2023,North,Australia,Furniture,Laptop,39,35-44,8,30232,10,241856,24185.6,217670.4
10306,02 November 2023,West,Australia,Clothing,Jeans,43,35-44,7,46945,20,328615,65723,262892
10307,03 November 2023,East,USA,Grocery,Beverages,64,55+,2,29458,15,58916,8837.4,50078.6
10308,04 November 2023,West,USA,Clothing,Mobile,18,18-24,8,36691,10,293528,29352.8,264175.2
10309,05 November 2023,East,Canada,Clothing,Chair,64,55+,9,6480,20,58320,11664,46656
10310,06 November 2023,West,Australia,Furniture,Mobile,31,25-34,4,42988,20,171952,34390.4,137561.6
10311,07 November 2023,West,Canada,Clothing,Jeans,58,55+,3,4148,0,12444,0,12444
10312,08 November 2023,West,Canada,Electronics,Beverages,21,18-24,2,42144,0,84288,0,84288
10313,09 November 2023,East,Australia,Grocery,Mobile,33,25-34,1,2791,15,2791,418.65,2372.35
10314,10 November 2023,West,Australia,Furniture,Mobile,24,18-24,3,20218,15,60654,9098.1,51555.9
10315,11 November 2023,East,India,Furniture,Shirt,21,18-24,4,8131,15,32524,4878.6,27645.4
10316,12 November 2023,West,UK,Furniture,Mobile,60,55+,8,47003,15,376024,56403.6,319620.4
10317,13 November 2023,West,Canada,Furniture,Beverages,19,18-24,1,48750,10,48750,4875,43875
10318,14 November 2023,South,Australia,Grocery,Shirt,35,35-44,5,434,20,2170,434,1736
10319,15 November 2023,West,Canada,Grocery,Jeans,34,25-34,5,16539,5,82695,4134.75,78560.25
10320,16 November 2023,East,Australia,Furniture,Table,22,18-24,6,9666,20,57996,11599.2,46396.8
10321,17 November 2023,North,Australia,Clothing,Table,39,35-44,1,45883,20,45883,9176.6,36706.4
10322,18 November 2023,West,Australia,Electronics,Mobile,47,45-54,8,25649,10,205192,20519.2,184672.8
10323,19 November 2023,East,UK,Furniture,Snacks,62,55+,9,18291,15,164619,24692.85,139926.15
10324,20 November 2023,North,Canada,Electronics,Beverages,50,45-54,5,39229,20,196145,39229,156916
10325,21 November 2023,North,India,Electronics,Mobile,20,18-24,5,16026,15,80130,12019.5,68110.5
10326,22 November 2023,North,Australia,Electronics,Table,52,45-54,3,48034,10,144102,14410.2,129691.8
10327,23 November 2023,West,UK,Furniture,Beverages,42,35-44,1,47894,10,47894,4789.4,43104.6
10328,24 November 2023,West,UK,Clothing,Beverages,40,35-44,5,19121,20,95605,19121,76484
10329,25 November 2023,North,Australia,Grocery,Shirt,31,25-34,6,30363,5,182178,9108.9,173069.1
10330,26 November 2023,West,USA,Clothing,Laptop,51,45-54,7,3878,20,27146,5429.2,21716.8
10331,27 November 2023,South,Canada,Furniture,Mobile,56,55+,3,29274,0,87822,0,87822
10332,28 November 2023,East,India,Furniture,Table,28,25-34,1,32520,0,32520,0,32520
10333,29 November 2023,East,UK,Clothing,Jeans,39,35-44,7,18210,0,127470,0,127470
10334,30 November 2023,West,USA,Grocery,Table,34,25-34,4,38601,0,154404,0,154404
10335,01 December 2023,West,UK,Grocery,Table,32,25-34,2,46088,0,92176,0,92176
10336,02 December 2023,South,USA,Furniture,Table,25,25-34,2,28017,5,56034,2801.7,53232.3
10337,03 December 2023,West,India,Grocery,Snacks,21,18-24,2,11045,15,22090,3313.5,18776.5
10338,04 December 2023,West,UK,Grocery,Laptop,31,25-34,3,14430,15,43290,6493.5,36796.5
10339,05 December 2023,South,USA,Clothing,Jeans,30,25-34,7,28495,20,199465,39893,159572
10340,06 December 2023,West,UK,Grocery,Mobile,40,35-44,3,28375,5,85125,4256.25,80868.75
10341,07 December 2023,North,Australia,Clothing,Shirt,39,35-44,1,3736,5,3736,186.8,3549.2
10342,08 December 2023,East,India,Clothing,Table,46,45-54,6,49662,20,297972,59594.4,238377.6
10343,09 December 2023,East,Australia,Clothing,Shirt,31,25-34,5,6572,0,32860,0,32860
10344,10 December 2023,East,India,Furniture,Beverages,24,18-24,1,17469,10,17469,1746.9,15722.1
10345,11 December 2023,North,Canada,Grocery,Mobile,63,55+,4,13632,10,54528,5452.8,49075.2
10346,12 December 2023,East,India,Grocery,Snacks,47,45-54,8,20287,15,162296,24344.4,137951.6
10347,13 December 2023,East,UK,Clothing,Mobile,24,18-24,7,22035,0,154245,0,154245
10348,14 December 2023,South,UK,Grocery,Mobile,58,55+,2,26950,5,53900,2695,51205
10349,15 December 2023,North,Australia,Furniture,Beverages,25,25-34,1,31344,20,31344,6268.8,25075.2
10350,16 December 2023,North,UK,Furniture,Chair,22,18-24,3,38169,5,114507,5725.35,108781.65
10351,17 December 2023,North,UK,Electronics,Laptop,54,45-54,9,27662,0,248958,0,248958
10352,18 December 2023,North,USA,Furniture,Table,46,45-54,9,1487,10,13383,1338.3,12044.7
10353,19 December 2023,East,India,Clothing,Chair,53,45-54,6,33940,0,203640,0,203640
10354,20 December 2023,South,UK,Electronics,Mobile,25,25-34,8,42722,20,341776,68355.2,273420.8
10355,21 December 2023,West,Australia,Electronics,Beverages,36,35-44,1,10731,10,10731,1073.1,9657.9
10356,22 December 2023,West,UK,Grocery,Beverages,26,25-34,7,20024,10,140168,14016.8,126151.2
10357,23 December 2023,South,Canada,Furniture,Jeans,20,18-24,5,19451,15,97255,14588.25,82666.75
10358,24 December 2023,North,USA,Clothing,Mobile,36,35-44,7,41671,15,291697,43754.55,247942.45
10359,25 December 2023,East,UK,Furniture,Table,64,55+,4,12147,5,48588,2429.4,46158.6
10360,26 December 2023,East,Australia,Electronics,Beverages,59,55+,3,5480,10,16440,1644,14796
10361,27 December 2023,South,UK,Furniture,Laptop,36,35-44,3,38899,5,116697,5834.85,110862.15
10362,28 December 2023,East,Canada,Furniture,Beverages,40,35-44,5,26968,20,134840,26968,107872
10363,29 December 2023,South,Australia,Furniture,Table,47,45-54,4,26988,20,107952,21590.4,86361.6
10364,30 December 2023,East,USA,Furniture,Snacks,53,45-54,7,24980,10,174860,17486,157374
10365,31 December 2023,South,UK,Furniture,Chair,29,25-34,9,17032,5,153288,7664.4,145623.6
10366,01 January 2024,East,India,Clothing,Beverages,30,25-34,5,24742,15,123710,18556.5,105153.5
10367,02 January 2024,North,Canada,Clothing,Snacks,55,55+,3,48886,10,146658,14665.8,131992.2
10368,03 January 2024,North,UK,Clothing,Laptop,32,25-34,1,839,0,839,0,839
10369,04 January 2024,East,USA,Clothing,Beverages,23,18-24,7,6416,0,44912,0,44912
10370,05 January 2024,East,India,Furniture,Chair,42,35-44,6,31242,15,187452,28117.8,159334.2
10371,06 January 2024,North,India,Clothing,Mobile,23,18-24,6,26095,5,156570,7828.5,148741.5
10372,07 January 2024,South,India,Grocery,Shirt,47,45-54,3,12033,15,36099,5414.85,30684.15
10373,08 January 2024,East,Australia,Electronics,Snacks,31,25-34,6,1197,0,7182,0,7182
10374,09 January 2024,North,Australia,Clothing,Mobile,42,35-44,4,9065,15,36260,5439,30821
10375,10 January 2024,East,UK,Clothing,Table,60,55+,1,38465,20,38465,7693,30772
10376,11 January 2024,West,India,Grocery,Chair,28,25-34,4,514,5,2056,102.8,1953.2
10377,12 January 2024,North,UK,Furniture,Beverages,19,18-24,4,1424,15,5696,854.4,4841.6
10378,13 January 2024,West,USA,Electronics,Shirt,39,35-44,7,1765,5,12355,617.75,11737.25
10379,14 January 2024,South,UK,Electronics,Jeans,55,55+,7,23901,5,167307,8365.35,158941.65
10380,15 January 2024,North,Canada,Clothing,Jeans,38,35-44,9,19722,20,177498,35499.6,141998.4
10381,16 January 2024,North,UK,Electronics,Mobile,31,25-34,7,9049,0,63343,0,63343
10382,17 January 2024,West,UK,Grocery,Laptop,61,55+,5,7897,5,39485,1974.25,37510.75
10383,18 January 2024,West,India,Electronics,Snacks,44,35-44,2,24530,0,49060,0,49060
10384,19 January 2024,East,India,Clothing,Table,24,18-24,3,8633,15,25899,3884.85,22014.15
10385,20 January 2024,West,USA,Clothing,Mobile,49,45-54,1,27612,10,27612,2761.2,24850.8
10386,21 January 2024,North,Australia,Electronics,Snacks,37,35-44,2,31648,0,63296,0,63296
10387,22 January 2024,West,Canada,Clothing,Shirt,19,18-24,1,25191,20,25191,5038.2,20152.8
10388,23 January 2024,East,Canada,Electronics,Chair,18,18-24,9,25200,20,226800,45360,181440
10389,24 January 2024,West,USA,Grocery,Table,35,35-44,1,14375,15,14375,2156.25,12218.75
10390,25 January 2024,South,UK,Electronics,Jeans,55,55+,2,7791,5,15582,779.1,14802.9
10391,26 January 2024,East,Canada,Furniture,Chair,30,25-34,3,3953,15,11859,1778.85,10080.15
10392,27 January 2024,North,UK,Clothing,Table,24,18-24,6,8960,15,53760,8064,45696
10393,28 January 2024,West,Australia,Grocery,Snacks,38,35-44,2,39655,15,79310,11896.5,67413.5
10394,29 January 2024,North,Australia,Electronics,Table,33,25-34,8,6865,20,54920,10984,43936
10395,30 January 2024,North,Canada,Clothing,Shirt,63,55+,7,41285,15,288995,43349.25,245645.75
10396,31 January 2024,North,UK,Furniture,Snacks,47,45-54,5,19912,15,99560,14934,84626
10397,01 February 2024,East,USA,Grocery,Snacks,24,18-24,1,1096,0,1096,0,1096
10398,02 February 2024,East,Canada,Furniture,Chair,32,25-34,6,34730,20,208380,41676,166704
10399,03 February 2024,West,India,Grocery,Mobile,60,55+,6,43392,0,260352,0,260352
10400,04 February 2024,West,Australia,Electronics,Jeans,31,25-34,5,3374,5,16870,843.5,16026.5
10401,05 February 2024,North,Canada,Clothing,Beverages,30,25-34,6,46298,20,277788,55557.6,222230.4
10402,06 February 2024,East,India,Clothing,Table,35,35-44,3,9331,20,27993,5598.6,22394.4
10403,07 February 2024,South,UK,Electronics,Snacks,60,55+,4,24973,20,99892,19978.4,79913.6
10404,08 February 2024,West,UK,Electronics,Chair,58,55+,2,25329,5,50658,2532.9,48125.1
10405,09 February 2024,South,USA,Furniture,Jeans,61,55+,7,30921,10,216447,21644.7,194802.3
10406,10 February 2024,South,USA,Grocery,Beverages,29,25-34,1,41701,20,41701,8340.2,33360.8
10407,11 February 2024,North,Australia,Electronics,Jeans,43,35-44,2,10903,0,21806,0,21806
10408,12 February 2024,South,Canada,Clothing,Jeans,43,35-44,4,46384,15,185536,27830.4,157705.6
10409,13 February 2024,East,UK,Electronics,Laptop,60,55+,6,14435,15,86610,12991.5,73618.5
10410,14 February 2024,South,USA,Electronics,Shirt,26,25-34,8,10807,15,86456,12968.4,73487.6
10411,15 February 2024,East,USA,Clothing,Mobile,60,55+,6,41515,10,249090,24909,224181
10412,16 February 2024,East,India,Electronics,Table,62,55+,3,16283,0,48849,0,48849
10413,17 February 2024,South,Canada,Grocery,Table,62,55+,4,11227,15,44908,6736.2,38171.8
10414,18 February 2024,North,USA,Furniture,Jeans,50,45-54,7,44269,10,309883,30988.3,278894.7
10415,19 February 2024,South,Canada,Electronics,Table,46,45-54,2,12852,20,25704,5140.8,20563.2
10416,20 February 2024,East,Canada,Electronics,Shirt,23,18-24,7,26495,0,185465,0,185465
10417,21 February 2024,West,USA,Grocery,Table,38,35-44,8,41065,5,328520,16426,312094
10418,22 February 2024,East,Canada,Grocery,Mobile,25,25-34,6,45842,0,275052,0,275052
10419,23 February 2024,North,Canada,Electronics,Table,54,45-54,4,5571,10,22284,2228.4,20055.6
10420,24 February 2024,North,India,Electronics,Mobile,51,45-54,4,9897,15,39588,5938.2,33649.8
10421,25 February 2024,North,UK,Electronics,Laptop,57,55+,7,37654,5,263578,13178.9,250399.1
10422,26 February 2024,West,Australia,Furniture,Mobile,37,35-44,1,39972,15,39972,5995.8,33976.2
10423,27 February 2024,East,USA,Furniture,Beverages,39,35-44,3,48800,0,146400,0,146400
10424,28 February 2024,North,India,Furniture,Beverages,27,25-34,5,41476,20,207380,41476,165904
10425,29 February 2024,West,USA,Electronics,Snacks,31,25-34,1,10447,20,10447,2089.4,8357.6
10426,01 March 2024,West,UK,Grocery,Jeans,29,25-34,6,42768,15,256608,38491.2,218116.8
10427,02 March 2024,West,India,Furniture,Mobile,55,55+,6,29712,5,178272,8913.6,169358.4
10428,03 March 2024,South,Canada,Electronics,Laptop,21,18-24,6,11481,5,68886,3444.3,65441.7
10429,04 March 2024,West,Canada,Electronics,Snacks,53,45-54,7,38753,20,271271,54254.2,217016.8
10430,05 March 2024,North,Canada,Furniture,Beverages,55,55+,1,22799,20,22799,4559.8,18239.2
10431,06 March 2024,East,USA,Electronics,Shirt,59,55+,7,15740,15,110180,16527,93653
10432,07 March 2024,East,India,Furniture,Snacks,27,25-34,7,25718,10,180026,18002.6,162023.4
10433,08 March 2024,West,UK,Clothing,Beverages,33,25-34,6,35281,5,211686,10584.3,201101.7
10434,09 March 2024,North,UK,Electronics,Jeans,47,45-54,6,35635,15,213810,32071.5,181738.5
10435,10 March 2024,South,Canada,Clothing,Jeans,58,55+,2,7908,20,15816,3163.2,12652.8
10436,11 March 2024,South,UK,Grocery,Snacks,39,35-44,3,26650,15,79950,11992.5,67957.5
10437,12 March 2024,East,Canada,Clothing,Table,30,25-34,6,24210,5,145260,7263,137997
10438,13 March 2024,South,India,Electronics,Jeans,47,45-54,5,33246,0,166230,0,166230
10439,14 March 2024,West,UK,Grocery,Shirt,43,35-44,5,3160,15,15800,2370,13430
10440,15 March 2024,East,UK,Grocery,Shirt,40,35-44,3,6775,20,20325,4065,16260
10441,16 March 2024,North,India,Furniture,Shirt,55,55+,3,29133,0,87399,0,87399
10442,17 March 2024,South,Australia,Electronics,Mobile,61,55+,8,18250,10,146000,14600,131400
10443,18 March 2024,South,UK,Furniture,Snacks,33,25-34,7,35462,5,248234,12411.7,235822.3
10444,19 March 2024,North,India,Grocery,Mobile,40,35-44,6,29858,5,179148,8957.4,170190.6
10445,20 March 2024,South,UK,Electronics,Snacks,45,45-54,3,44269,20,132807,26561.4,106245.6
10446,21 March 2024,West,Canada,Grocery,Laptop,54,45-54,8,47848,0,382784,0,382784
10447,22 March 2024,West,Canada,Electronics,Jeans,63,55+,4,47778,10,191112,19111.2,172000.8
10448,23 March 2024,South,India,Electronics,Snacks,20,18-24,5,9876,15,49380,7407,41973
10449,24 March 2024,East,UK,Electronics,Jeans,21,18-24,5,24850,5,124250,6212.5,118037.5
10450,25 March 2024,West,Australia,Electronics,Table,49,45-54,8,660,5,5280,264,5016
10451,26 March 2024,East,India,Electronics,Chair,26,25-34,5,5310,5,26550,1327.5,25222.5
10452,27 March 2024,North,India,Electronics,Table,26,25-34,4,35252,20,141008,28201.6,112806.4
10453,28 March 2024,East,UK,Clothing,Beverages,53,45-54,3,37998,10,113994,11399.4,102594.6
10454,29 March 2024,North,USA,Furniture,Snacks,43,35-44,3,43946,10,131838,13183.8,118654.2
10455,30 March 2024,East,UK,Furniture,Mobile,34,25-34,1,18813,10,18813,1881.3,16931.7
10456,31 March 2024,West,Australia,Clothing,Snacks,60,55+,5,22380,20,111900,22380,89520
10457,01 April 2024,North,UK,Grocery,Mobile,39,35-44,9,26342,20,237078,47415.6,189662.4
10458,02 April 2024,East,India,Clothing,Mobile,28,25-34,8,5804,5,46432,2321.6,44110.4
10459,03 April 2024,East,Canada,Clothing,Shirt,50,45-54,1,48932,15,48932,7339.8,41592.2
10460,04 April 2024,North,Australia,Furniture,Snacks,24,18-24,6,33217,0,199302,0,199302
10461,05 April 2024,West,India,Clothing,Snacks,27,25-34,1,32247,10,32247,3224.7,29022.3
10462,06 April 2024,East,UK,Clothing,Table,55,55+,5,34477,0,172385,0,172385
10463,07 April 2024,North,USA,Furniture,Table,20,18-24,7,36134,15,252938,37940.7,214997.3
10464,08 April 2024,West,India,Furniture,Chair,63,55+,9,29059,5,261531,13076.55,248454.45
10465,09 April 2024,East,USA,Electronics,Table,31,25-34,8,36645,5,293160,14658,278502
10466,10 April 2024,West,Australia,Furniture,Shirt,59,55+,5,18767,20,93835,18767,75068
10467,11 April 2024,West,India,Grocery,Laptop,51,45-54,5,13476,5,67380,3369,64011
10468,12 April 2024,North,Canada,Grocery,Snacks,21,18-24,3,41512,5,124536,6226.8,118309.2
10469,13 April 2024,South,USA,Clothing,Beverages,22,18-24,4,45913,5,183652,9182.6,174469.4
10470,14 April 2024,East,Australia,Furniture,Mobile,48,45-54,3,38101,0,114303,0,114303
10471,15 April 2024,South,UK,Furniture,Beverages,19,18-24,3,10815,20,32445,6489,25956
10472,16 April 2024,North,Australia,Electronics,Table,23,18-24,3,3393,5,10179,508.95,9670.05
10473,17 April 2024,West,USA,Electronics,Table,42,35-44,6,28282,5,169692,8484.6,161207.4
10474,18 April 2024,East,India,Grocery,Laptop,28,25-34,9,33889,10,305001,30500.1,274500.9
10475,19 April 2024,East,USA,Electronics,Jeans,54,45-54,3,42337,0,127011,0,127011
10476,20 April 2024,East,UK,Furniture,Chair,19,18-24,9,43674,0,393066,0,393066
10477,21 April 2024,North,Canada,Grocery,Chair,31,25-34,6,8525,0,51150,0,51150
10478,22 April 2024,South,UK,Grocery,Table,24,18-24,6,29729,0,178374,0,178374
10479,23 April 2024,East,India,Clothing,Jeans,34,25-34,1,21011,10,21011,2101.1,18909.9
10480,24 April 2024,West,Canada,Clothing,Beverages,60,55+,1,40316,5,40316,2015.8,38300.2
10481,25 April 2024,South,Canada,Grocery,Beverages,63,55+,1,20566,10,20566,2056.6,18509.4
10482,26 April 2024,South,Australia,Electronics,Mobile,51,45-54,6,11006,0,66036,0,66036
10483,27 April 2024,South,USA,Clothing,Laptop,47,45-54,6,48773,15,292638,43895.7,248742.3
10484,28 April 2024,South,India,Furniture,Beverages,23,18-24,3,22071,0,66213,0,66213
10485,29 April 2024,North,Canada,Electronics,Jeans,43,35-44,2,9538,5,19076,953.8,18122.2
10486,30 April 2024,South,USA,Electronics,Jeans,41,35-44,7,39436,10,276052,27605.2,248446.8
10487,01 May 2024,East,USA,Grocery,Beverages,47,45-54,1,37878,20,37878,7575.6,30302.4
10488,02 May 2024,South,USA,Furniture,Shirt,49,45-54,5,31986,15,159930,23989.5,135940.5
10489,03 May 2024,North,India,Grocery,Laptop,60,55+,3,12253,20,36759,7351.8,29407.2
10490,04 May 2024,North,UK,Furniture,Shirt,23,18-24,9,25738,5,231642,11582.1,220059.9
10491,05 May 2024,East,USA,Grocery,Chair,40,35-44,1,8995,5,8995,449.75,8545.25
10492,06 May 2024,East,Australia,Electronics,Beverages,58,55+,8,10858,5,86864,4343.2,82520.8
10493,07 May 2024,West,Canada,Clothing,Mobile,59,55+,1,22258,15,22258,3338.7,18919.3
10494,08 May 2024,South,Australia,Electronics,Snacks,35,35-44,9,43919,15,395271,59290.65,335980.35
10495,09 May 2024,North,USA,Electronics,Chair,64,55+,2,42291,0,84582,0,84582
10496,10 May 2024,North,UK,Electronics,Jeans,57,55+,9,44506,10,400554,40055.4,360498.6
10497,11 May 2024,North,Canada,Furniture,Table,37,35-44,5,34208,15,171040,25656,145384
10498,12 May 2024,East,USA,Clothing,Table,33,25-34,6,4932,20,29592,5918.4,23673.6
10499,13 May 2024,West,Canada,Grocery,Table,29,25-34,6,29050,5,174300,8715,165585
10500,14 May 2024,East,UK,Electronics,Chair,47,45-54,3,43796,5,131388,6569.4,124818.6
10501,15 May 2024,North,Australia,Furniture,Snacks,62,55+,9,35257,15,317313,47596.95,269716.05
10502,16 May 2024,South,USA,Clothing,Jeans,60,55+,3,15787,15,47361,7104.15,40256.85
10503,17 May 2024,West,Canada,Grocery,Laptop,47,45-54,2,22495,15,44990,6748.5,38241.5
10504,18 May 2024,South,India,Grocery,Chair,43,35-44,3,15427,15,46281,6942.15,39338.85
10505,19 May 2024,South,UK,Clothing,Chair,33,25-34,6,23433,0,140598,0,140598
10506,20 May 2024,East,Australia,Electronics,Snacks,54,45-54,6,24376,5,146256,7312.8,138943.2
10507,21 May 2024,South,India,Clothing,Jeans,22,18-24,1,21589,20,21589,4317.8,17271.2
10508,22 May 2024,South,UK,Electronics,Jeans,36,35-44,5,29136,15,145680,21852,123828
10509,23 May 2024,North,Canada,Clothing,Jeans,48,45-54,9,40764,20,366876,73375.2,293500.8
10510,24 May 2024,South,USA,Clothing,Jeans,29,25-34,4,17617,15,70468,10570.2,59897.8
10511,25 May 2024,East,Canada,Clothing,Beverages,60,55+,4,23160,20,92640,18528,74112
10512,26 May 2024,North,India,Clothing,Shirt,40,35-44,2,44004,15,88008,13201.2,74806.8
10513,27 May 2024,West,UK,Grocery,Snacks,38,35-44,4,28146,5,112584,5629.2,106954.8
10514,28 May 2024,North,India,Furniture,Snacks,46,45-54,7,46032,5,322224,16111.2,306112.8
10515,29 May 2024,North,Australia,Electronics,Table,50,45-54,6,23105,5,138630,6931.5,131698.5
10516,30 May 2024,East,Australia,Electronics,Laptop,40,35-44,1,48254,0,48254,0,48254
10517,31 May 2024,West,Canada,Electronics,Snacks,22,18-24,1,23339,15,23339,3500.85,19838.15
10518,01 June 2024,South,Australia,Electronics,Table,20,18-24,4,15691,10,62764,6276.4,56487.6
10519,02 June 2024,South,UK,Clothing,Jeans,40,35-44,6,45143,15,270858,40628.7,230229.3
10520,03 June 2024,South,UK,Grocery,Mobile,20,18-24,1,45778,10,45778,4577.8,41200.2
10521,04 June 2024,North,UK,Furniture,Beverages,27,25-34,6,9086,20,54516,10903.2,43612.8
10522,05 June 2024,North,India,Clothing,Laptop,19,18-24,9,16326,5,146934,7346.7,139587.3
10523,06 June 2024,North,USA,Furniture,Jeans,51,45-54,1,43815,15,43815,6572.25,37242.75
10524,07 June 2024,East,USA,Grocery,Table,34,25-34,4,15475,20,61900,12380,49520
10525,08 June 2024,South,UK,Furniture,Laptop,25,25-34,8,45105,20,360840,72168,288672
10526,09 June 2024,East,USA,Furniture,Mobile,23,18-24,6,41566,5,249396,12469.8,236926.2
10527,10 June 2024,West,India,Clothing,Mobile,23,18-24,5,6229,15,31145,4671.75,26473.25
10528,11 June 2024,West,USA,Grocery,Jeans,55,55+,5,5500,10,27500,2750,24750
10529,12 June 2024,East,Canada,Clothing,Beverages,60,55+,8,35710,20,285680,57136,228544
10530,13 June 2024,North,Canada,Grocery,Shirt,33,25-34,4,21020,20,84080,16816,67264
10531,14 June 2024,South,UK,Electronics,Snacks,53,45-54,6,38605,5,231630,11581.5,220048.5
10532,15 June 2024,West,UK,Electronics,Beverages,64,55+,2,16970,20,33940,6788,27152
10533,16 June 2024,North,India,Grocery,Table,35,35-44,6,2634,10,15804,1580.4,14223.6
10534,17 June 2024,West,UK,Clothing,Chair,41,35-44,1,31185,20,31185,6237,24948
10535,18 June 2024,South,Canada,Grocery,Table,38,35-44,8,38322,15,306576,45986.4,260589.6
10536,19 June 2024,East,UK,Clothing,Mobile,22,18-24,7,24421,10,170947,17094.7,153852.3
10537,20 June 2024,East,UK,Electronics,Mobile,41,35-44,3,9420,20,28260,5652,22608
10538,21 June 2024,North,Canada,Grocery,Shirt,43,35-44,9,21170,10,190530,19053,171477
10539,22 June 2024,East,Australia,Furniture,Laptop,64,55+,6,9700,0,58200,0,58200
10540,23 June 2024,West,Canada,Clothing,Laptop,49,45-54,6,17952,20,107712,21542.4,86169.6
10541,24 June 2024,East,Australia,Furniture,Mobile,43,35-44,4,15534,10,62136,6213.6,55922.4
10542,25 June 2024,East,Australia,Furniture,Laptop,36,35-44,4,21400,0,85600,0,85600
10543,26 June 2024,East,Australia,Electronics,Chair,29,25-34,7,22203,0,155421,0,155421
10544,27 June 2024,North,UK,Clothing,Shirt,63,55+,1,30223,5,30223,1511.15,28711.85
10545,28 June 2024,South,UK,Electronics,Snacks,24,18-24,5,12514,20,62570,12514,50056
10546,29 June 2024,East,India,Grocery,Snacks,38,35-44,4,39168,20,156672,31334.4,125337.6
10547,30 June 2024,West,USA,Electronics,Laptop,23,18-24,8,8895,5,71160,3558,67602
10548,01 July 2024,North,Australia,Furniture,Jeans,21,18-24,9,41328,0,371952,0,371952
10549,02 July 2024,North,Canada,Furniture,Chair,57,55+,6,10836,5,65016,3250.8,61765.2
10550,03 July 2024,South,Australia,Clothing,Jeans,29,25-34,3,46065,15,138195,20729.25,117465.75
10551,04 July 2024,South,UK,Grocery,Table,62,55+,6,19564,0,117384,0,117384
10552,05 July 2024,South,UK,Electronics,Shirt,62,55+,2,16297,0,32594,0,32594
10553,06 July 2024,North,USA,Electronics,Laptop,44,35-44,6,14941,0,89646,0,89646
10554,07 July 2024,East,Australia,Grocery,Snacks,39,35-44,7,8318,20,58226,11645.2,46580.8
10555,08 July 2024,West,Australia,Grocery,Laptop,62,55+,7,37330,15,261310,39196.5,222113.5
10556,09 July 2024,East,Australia,Furniture,Laptop,34,25-34,1,45160,5,45160,2258,42902
10557,10 July 2024,East,USA,Furniture,Laptop,54,45-54,9,46982,5,422838,21141.9,401696.1
10558,11 July 2024,North,Canada,Grocery,Table,55,55+,3,29599,0,88797,0,88797
10559,12 July 2024,East,Canada,Furniture,Jeans,64,55+,9,41996,5,377964,18898.2,359065.8
10560,13 July 2024,North,India,Clothing,Jeans,29,25-34,3,44663,10,133989,13398.9,120590.1
10561,14 July 2024,West,USA,Electronics,Beverages,18,18-24,9,8872,5,79848,3992.4,75855.6
10562,15 July 2024,West,Australia,Clothing,Laptop,53,45-54,9,35455,15,319095,47864.25,271230.75
10563,16 July 2024,West,Australia,Electronics,Jeans,37,35-44,2,45788,0,91576,0,91576
10564,17 July 2024,West,India,Clothing,Mobile,40,35-44,5,8379,15,41895,6284.25,35610.75
10565,18 July 2024,West,India,Electronics,Jeans,30,25-34,5,8297,0,41485,0,41485
10566,19 July 2024,North,Canada,Furniture,Chair,28,25-34,7,33508,0,234556,0,234556
10567,20 July 2024,East,UK,Furniture,Snacks,25,25-34,2,33078,0,66156,0,66156
10568,21 July 2024,West,Australia,Furniture,Shirt,54,45-54,4,30352,0,121408,0,121408
10569,22 July 2024,South,UK,Clothing,Shirt,49,45-54,5,1945,10,9725,972.5,8752.5
10570,23 July 2024,East,India,Clothing,Beverages,41,35-44,8,12058,0,96464,0,96464
10571,24 July 2024,East,Canada,Clothing,Mobile,46,45-54,7,36571,20,255997,51199.4,204797.6
10572,25 July 2024,North,Canada,Electronics,Beverages,18,18-24,9,39207,5,352863,17643.15,335219.85
10573,26 July 2024,East,USA,Clothing,Chair,57,55+,8,17617,20,140936,28187.2,112748.8
10574,27 July 2024,South,UK,Furniture,Laptop,50,45-54,7,3577,15,25039,3755.85,21283.15
10575,28 July 2024,East,India,Clothing,Snacks,20,18-24,8,779,10,6232,623.2,5608.8
10576,29 July 2024,North,UK,Furniture,Snacks,64,55+,3,5273,5,15819,790.95,15028.05
10577,30 July 2024,East,Australia,Clothing,Chair,33,25-34,7,8483,5,59381,2969.05,56411.95
10578,31 July 2024,West,USA,Electronics,Beverages,63,55+,7,11075,15,77525,11628.75,65896.25
10579,01 August 2024,North,UK,Clothing,Snacks,55,55+,4,22347,10,89388,8938.8,80449.2
10580,02 August 2024,South,Australia,Furniture,Beverages,44,35-44,8,32939,0,263512,0,263512
10581,03 August 2024,North,India,Electronics,Jeans,42,35-44,5,15408,0,77040,0,77040
10582,04 August 2024,East,Australia,Grocery,Beverages,51,45-54,2,49570,10,99140,9914,89226
10583,05 August 2024,East,UK,Furniture,Beverages,52,45-54,5,17504,15,87520,13128,74392
10584,06 August 2024,East,Australia,Furniture,Mobile,43,35-44,7,7801,0,54607,0,54607
10585,07 August 2024,South,USA,Electronics,Chair,32,25-34,3,12845,0,38535,0,38535
10586,08 August 2024,East,Canada,Clothing,Mobile,37,35-44,4,37845,5,151380,7569,143811
10587,09 August 2024,East,USA,Furniture,Jeans,63,55+,8,22006,15,176048,26407.2,149640.8
10588,10 August 2024,West,Australia,Furniture,Laptop,37,35-44,6,32310,0,193860,0,193860
10589,11 August 2024,South,India,Grocery,Mobile,29,25-34,1,46234,5,46234,2311.7,43922.3
10590,12 August 2024,North,UK,Grocery,Table,38,35-44,8,3246,15,25968,3895.2,22072.8
10591,13 August 2024,West,UK,Clothing,Beverages,55,55+,4,22445,15,89780,13467,76313
10592,14 August 2024,South,Canada,Grocery,Snacks,50,45-54,8,14695,15,117560,17634,99926
10593,15 August 2024,West,Australia,Electronics,Laptop,33,25-34,1,28620,15,28620,4293,24327
10594,16 August 2024,South,India,Grocery,Beverages,52,45-54,5,15746,20,78730,15746,62984
10595,17 August 2024,West,Australia,Furniture,Chair,59,55+,5,6497,20,32485,6497,25988
10596,18 August 2024,East,Australia,Electronics,Mobile,56,55+,3,178,10,534,53.4,480.6
10597,19 August 2024,East,Australia,Grocery,Table,57,55+,5,12969,15,64845,9726.75,55118.25
10598,20 August 2024,North,Australia,Electronics,Table,24,18-24,5,8006,0,40030,0,40030
10599,21 August 2024,East,UK,Furniture,Shirt,54,45-54,4,38468,5,153872,7693.6,146178.4
10600,22 August 2024,North,Canada,Grocery,Mobile,26,25-34,7,12660,10,88620,8862,79758
10601,23 August 2024,North,UK,Electronics,Shirt,18,18-24,1,16089,5,16089,804.45,15284.55
10602,24 August 2024,North,Australia,Clothing,Laptop,41,35-44,8,1156,15,9248,1387.2,7860.8
10603,25 August 2024,East,Australia,Furniture,Beverages,60,55+,9,47124,10,424116,42411.6,381704.4
10604,26 August 2024,West,Canada,Furniture,Laptop,36,35-44,8,38389,10,307112,30711.2,276400.8
10605,27 August 2024,East,India,Clothing,Table,62,55+,5,14075,5,70375,3518.75,66856.25
10606,28 August 2024,North,UK,Furniture,Jeans,61,55+,8,30255,0,242040,0,242040
10607,29 August 2024,North,Canada,Grocery,Chair,47,45-54,5,2369,10,11845,1184.5,10660.5
10608,30 August 2024,West,USA,Grocery,Beverages,55,55+,3,41048,15,123144,18471.6,104672.4
10609,31 August 2024,North,India,Electronics,Snacks,23,18-24,3,48085,5,144255,7212.75,137042.25
10610,01 September 2024,South,USA,Electronics,Mobile,20,18-24,9,26575,20,239175,47835,191340
10611,02 September 2024,East,Canada,Furniture,Mobile,58,55+,6,16188,0,97128,0,97128
10612,03 September 2024,South,India,Clothing,Laptop,54,45-54,4,1887,0,7548,0,7548
10613,04 September 2024,East,Australia,Furniture,Snacks,48,45-54,6,13906,5,83436,4171.8,79264.2
10614,05 September 2024,North,Canada,Electronics,Beverages,37,35-44,1,10922,20,10922,2184.4,8737.6
10615,06 September 2024,South,Australia,Electronics,Beverages,37,35-44,4,17567,20,70268,14053.6,56214.4
10616,07 September 2024,West,Canada,Electronics,Laptop,41,35-44,6,48707,10,292242,29224.2,263017.8
10617,08 September 2024,South,India,Grocery,Mobile,48,45-54,5,17151,20,85755,17151,68604
10618,09 September 2024,South,India,Furniture,Snacks,35,35-44,2,28314,20,56628,11325.6,45302.4
10619,10 September 2024,South,India,Furniture,Chair,52,45-54,6,49799,5,298794,14939.7,283854.3
10620,11 September 2024,South,Australia,Grocery,Chair,57,55+,1,15745,20,15745,3149,12596
10621,12 September 2024,East,India,Furniture,Chair,41,35-44,4,23424,15,93696,14054.4,79641.6
10622,13 September 2024,East,India,Clothing,Mobile,34,25-34,7,34353,0,240471,0,240471
10623,14 September 2024,North,Canada,Clothing,Table,27,25-34,6,22196,15,133176,19976.4,113199.6
10624,15 September 2024,South,Canada,Grocery,Chair,45,45-54,9,28727,10,258543,25854.3,232688.7
10625,16 September 2024,North,UK,Electronics,Chair,48,45-54,2,48743,20,97486,19497.2,77988.8
10626,17 September 2024,East,USA,Electronics,Table,55,55+,5,3516,5,17580,879,16701
10627,18 September 2024,West,UK,Furniture,Chair,39,35-44,7,12329,15,86303,12945.45,73357.55
10628,19 September 2024,East,Australia,Clothing,Chair,18,18-24,6,12445,15,74670,11200.5,63469.5
10629,20 September 2024,South,UK,Electronics,Laptop,49,45-54,1,16188,0,16188,0,16188
10630,21 September 2024,South,Australia,Grocery,Table,47,45-54,9,3124,5,28116,1405.8,26710.2
10631,22 September 2024,East,Canada,Grocery,Shirt,36,35-44,4,13446,20,53784,10756.8,43027.2
10632,23 September 2024,North,India,Clothing,Shirt,57,55+,4,21929,15,87716,13157.4,74558.6
10633,24 September 2024,North,Canada,Clothing,Snacks,62,55+,1,38192,5,38192,1909.6,36282.4
10634,25 September 2024,South,Canada,Furniture,Snacks,62,55+,7,37764,15,264348,39652.2,224695.8
10635,26 September 2024,West,Canada,Electronics,Chair,41,35-44,7,40574,10,284018,28401.8,255616.2
10636,27 September 2024,North,USA,Grocery,Shirt,54,45-54,2,9444,15,18888,2833.2,16054.8
10637,28 September 2024,South,Canada,Clothing,Chair,35,35-44,3,15790,5,47370,2368.5,45001.5
10638,29 September 2024,South,UK,Grocery,Shirt,43,35-44,9,43639,15,392751,58912.65,333838.35
10639,30 September 2024,North,India,Furniture,Mobile,23,18-24,1,15504,5,15504,775.2,14728.8
10640,01 October 2024,North,Canada,Clothing,Chair,61,55+,7,24960,10,174720,17472,157248
10641,02 October 2024,North,Australia,Grocery,Shirt,28,25-34,4,42588,0,170352,0,170352
10642,03 October 2024,East,India,Furniture,Mobile,39,35-44,4,32103,5,128412,6420.6,121991.4
10643,04 October 2024,West,India,Grocery,Beverages,22,18-24,6,17728,0,106368,0,106368
10644,05 October 2024,East,Australia,Grocery,Jeans,61,55+,3,21917,10,65751,6575.1,59175.9
10645,06 October 2024,North,USA,Electronics,Chair,64,55+,9,26860,20,241740,48348,193392
10646,07 October 2024,West,Australia,Clothing,Table,63,55+,8,44151,20,353208,70641.6,282566.4
10647,08 October 2024,East,UK,Electronics,Beverages,28,25-34,9,33407,20,300663,60132.6,240530.4
10648,09 October 2024,North,Australia,Grocery,Table,30,25-34,4,49898,20,199592,39918.4,159673.6
10649,10 October 2024,East,Australia,Grocery,Beverages,53,45-54,1,18516,0,18516,0,18516
10650,11 October 2024,North,India,Electronics,Table,35,35-44,6,3481,10,20886,2088.6,18797.4
10651,12 October 2024,North,Australia,Furniture,Jeans,29,25-34,4,37484,20,149936,29987.2,119948.8
10652,13 October 2024,North,Canada,Grocery,Jeans,22,18-24,1,27906,0,27906,0,27906
10653,14 October 2024,South,India,Grocery,Chair,41,35-44,1,39235,15,39235,5885.25,33349.75
10654,15 October 2024,West,India,Furniture,Beverages,44,35-44,5,12745,20,63725,12745,50980
10655,16 October 2024,North,India,Electronics,Beverages,19,18-24,4,33320,20,133280,26656,106624
10656,17 October 2024,East,India,Furniture,Snacks,34,25-34,5,36375,5,181875,9093.75,172781.25
10657,18 October 2024,East,USA,Electronics,Laptop,29,25-34,5,7802,10,39010,3901,35109
10658,19 October 2024,North,Canada,Furniture,Shirt,55,55+,6,42488,5,254928,12746.4,242181.6
10659,20 October 2024,East,USA,Grocery,Mobile,43,35-44,3,49924,5,149772,7488.6,142283.4
10660,21 October 2024,East,UK,Clothing,Jeans,42,35-44,8,34528,15,276224,41433.6,234790.4
10661,22 October 2024,West,USA,Clothing,Table,34,25-34,4,34902,0,139608,0,139608
10662,23 October 2024,South,India,Grocery,Chair,33,25-34,5,20419,10,102095,10209.5,91885.5
10663,24 October 2024,North,Canada,Grocery,Jeans,59,55+,9,23013,20,207117,41423.4,165693.6
10664,25 October 2024,West,USA,Furniture,Jeans,38,35-44,9,33673,5,303057,15152.85,287904.15
10665,26 October 2024,North,USA,Clothing,Shirt,37,35-44,2,6396,10,12792,1279.2,11512.8
10666,27 October 2024,North,Canada,Electronics,Snacks,63,55+,3,26596,10,79788,7978.8,71809.2
10667,28 October 2024,West,USA,Grocery,Table,51,45-54,7,7127,20,49889,9977.8,39911.2
10668,29 October 2024,North,Canada,Electronics,Chair,19,18-24,4,44138,10,176552,17655.2,158896.8
10669,30 October 2024,West,UK,Grocery,Beverages,47,45-54,4,18087,15,72348,10852.2,61495.8
10670,31 October 2024,West,USA,Furniture,Beverages,56,55+,6,14901,10,89406,8940.6,80465.4
10671,01 November 2024,West,Canada,Grocery,Jeans,37,35-44,8,20840,10,166720,16672,150048
10672,02 November 2024,North,India,Clothing,Table,23,18-24,7,45170,20,316190,63238,252952
10673,03 November 2024,North,Canada,Grocery,Table,45,45-54,1,35861,0,35861,0,35861
10674,04 November 2024,East,Canada,Electronics,Shirt,18,18-24,7,24825,10,173775,17377.5,156397.5
10675,05 November 2024,West,India,Grocery,Table,37,35-44,7,41868,10,293076,29307.6,263768.4
10676,06 November 2024,South,USA,Furniture,Table,58,55+,6,32181,10,193086,19308.6,173777.4
10677,07 November 2024,West,India,Furniture,Beverages,29,25-34,7,49781,10,348467,34846.7,313620.3
10678,08 November 2024,South,USA,Electronics,Table,23,18-24,5,33616,0,168080,0,168080
10679,09 November 2024,South,Australia,Furniture,Shirt,24,18-24,4,26534,15,106136,15920.4,90215.6
10680,10 November 2024,North,Canada,Clothing,Laptop,47,45-54,5,23058,5,115290,5764.5,109525.5
10681,11 November 2024,West,Australia,Clothing,Jeans,53,45-54,1,48992,10,48992,4899.2,44092.8
10682,12 November 2024,North,Australia,Furniture,Shirt,40,35-44,3,3204,10,9612,961.2,8650.8
10683,13 November 2024,West,UK,Furniture,Table,35,35-44,5,43372,20,216860,43372,173488
10684,14 November 2024,East,India,Clothing,Mobile,46,45-54,2,2948,0,5896,0,5896
10685,15 November 2024,East,India,Electronics,Laptop,51,45-54,6,29187,5,175122,8756.1,166365.9
10686,16 November 2024,East,India,Furniture,Shirt,27,25-34,8,9426,20,75408,15081.6,60326.4
10687,17 November 2024,East,Canada,Clothing,Laptop,38,35-44,9,33567,5,302103,15105.15,286997.85
10688,18 November 2024,East,India,Grocery,Chair,47,45-54,7,47581,5,333067,16653.35,316413.65
10689,19 November 2024,East,UK,Electronics,Beverages,50,45-54,5,13551,10,67755,6775.5,60979.5
10690,20 November 2024,East,Canada,Clothing,Mobile,61,55+,8,23535,5,188280,9414,178866
10691,21 November 2024,East,UK,Furniture,Jeans,45,45-54,5,22764,10,113820,11382,102438
10692,22 November 2024,North,UK,Electronics,Beverages,64,55+,4,36589,5,146356,7317.8,139038.2
10693,23 November 2024,East,Canada,Furniture,Beverages,64,55+,9,48214,5,433926,21696.3,412229.7
10694,24 November 2024,South,USA,Electronics,Mobile,33,25-34,4,46141,15,184564,27684.6,156879.4
10695,25 November 2024,East,USA,Furniture,Table,19,18-24,4,40771,15,163084,24462.6,138621.4
10696,26 November 2024,South,USA,Grocery,Table,30,25-34,5,14483,5,72415,3620.75,68794.25
10697,27 November 2024,East,Australia,Clothing,Table,57,55+,5,49965,15,249825,37473.75,212351.25
10698,28 November 2024,East,USA,Electronics,Shirt,37,35-44,7,33360,15,233520,35028,198492
10699,29 November 2024,West,Australia,Electronics,Snacks,20,18-24,4,7209,20,28836,5767.2,23068.8
10700,30 November 2024,South,India,Grocery,Chair,42,35-44,6,49693,10,298158,29815.8,268342.2
10701,01 December 2024,North,Canada,Electronics,Jeans,20,18-24,5,1114,5,5570,278.5,5291.5
10702,02 December 2024,North,India,Electronics,Chair,51,45-54,5,12610,5,63050,3152.5,59897.5
10703,03 December 2024,South,India,Clothing,Beverages,62,55+,4,29661,10,118644,11864.4,106779.6
10704,04 December 2024,South,India,Clothing,Beverages,55,55+,8,6672,0,53376,0,53376
10705,05 December 2024,West,UK,Electronics,Beverages,64,55+,9,9959,15,89631,13444.65,76186.35
10706,06 December 2024,East,Australia,Furniture,Shirt,27,25-34,9,47353,0,426177,0,426177
10707,07 December 2024,South,India,Clothing,Shirt,23,18-24,1,45394,5,45394,2269.7,43124.3
10708,08 December 2024,South,Australia,Clothing,Table,26,25-34,7,25475,5,178325,8916.25,169408.75
10709,09 December 2024,East,Australia,Grocery,Beverages,40,35-44,7,11023,20,77161,15432.2,61728.8
10710,10 December 2024,South,Australia,Electronics,Mobile,36,35-44,9,18659,0,167931,0,167931
10711,11 December 2024,West,USA,Electronics,Chair,30,25-34,6,11194,15,67164,10074.6,57089.4
10712,12 December 2024,West,UK,Grocery,Chair,26,25-34,8,13536,15,108288,16243.2,92044.8
10713,13 December 2024,South,India,Electronics,Chair,37,35-44,3,30111,5,90333,4516.65,85816.35
10714,14 December 2024,East,UK,Grocery,Chair,18,18-24,2,20083,10,40166,4016.6,36149.4
10715,15 December 2024,West,Canada,Clothing,Snacks,44,35-44,6,19083,10,114498,11449.8,103048.2
10716,16 December 2024,East,India,Furniture,Chair,35,35-44,8,168,20,1344,268.8,1075.2
10717,17 December 2024,South,UK,Grocery,Chair,45,45-54,8,42725,5,341800,17090,324710
10718,18 December 2024,West,USA,Grocery,Jeans,60,55+,6,33611,5,201666,10083.3,191582.7
10719,19 December 2024,West,Canada,Grocery,Mobile,46,45-54,4,33778,20,135112,27022.4,108089.6
10720,20 December 2024,West,USA,Grocery,Beverages,56,55+,3,1206,20,3618,723.6,2894.4
10721,21 December 2024,East,UK,Electronics,Laptop,32,25-34,2,3889,0,7778,0,7778
10722,22 December 2024,South,UK,Furniture,Table,38,35-44,5,9768,5,48840,2442,46398
10723,23 December 2024,West,Canada,Grocery,Laptop,63,55+,5,23939,10,119695,11969.5,107725.5
10724,24 December 2024,West,USA,Furniture,Mobile,46,45-54,1,9116,15,9116,1367.4,7748.6
10725,25 December 2024,North,UK,Grocery,Laptop,33,25-34,4,36489,20,145956,29191.2,116764.8
10726,26 December 2024,North,UK,Electronics,Beverages,51,45-54,7,10241,10,71687,7168.7,64518.3
10727,27 December 2024,South,Australia,Furniture,Shirt,43,35-44,2,22419,10,44838,4483.8,40354.2
10728,28 December 2024,North,UK,Furniture,Shirt,24,18-24,9,28969,15,260721,39108.15,221612.85
10729,29 December 2024,South,USA,Clothing,Shirt,32,25-34,7,5225,10,36575,3657.5,32917.5
10730,30 December 2024,South,USA,Grocery,Snacks,44,35-44,9,20230,5,182070,9103.5,172966.5
10731,31 December 2024,East,USA,Electronics,Beverages,62,55+,1,42147,5,42147,2107.35,40039.65
10732,01 January 2025,East,Australia,Furniture,Chair,33,25-34,3,36382,0,109146,0,109146
10733,02 January 2025,West,India,Furniture,Laptop,19,18-24,7,4052,0,28364,0,28364
10734,03 January 2025,East,Australia,Grocery,Snacks,31,25-34,2,24300,5,48600,2430,46170
10735,04 January 2025,North,UK,Electronics,Laptop,57,55+,8,25497,20,203976,40795.2,163180.8
10736,05 January 2025,North,Canada,Grocery,Snacks,44,35-44,3,35208,5,105624,5281.2,100342.8
10737,06 January 2025,East,India,Furniture,Snacks,41,35-44,9,19886,10,178974,17897.4,161076.6
10738,07 January 2025,North,India,Clothing,Beverages,47,45-54,2,7536,15,15072,2260.8,12811.2
10739,08 January 2025,East,UK,Electronics,Table,28,25-34,8,46718,20,373744,74748.8,298995.2
10740,09 January 2025,West,USA,Clothing,Jeans,26,25-34,5,22704,0,113520,0,113520
10741,10 January 2025,West,Australia,Electronics,Jeans,59,55+,7,46822,5,327754,16387.7,311366.3
10742,11 January 2025,South,India,Clothing,Mobile,47,45-54,3,35257,10,105771,10577.1,95193.9
10743,12 January 2025,East,India,Electronics,Chair,37,35-44,3,7210,15,21630,3244.5,18385.5
10744,13 January 2025,North,Canada,Clothing,Beverages,20,18-24,1,22776,5,22776,1138.8,21637.2
10745,14 January 2025,South,Canada,Clothing,Chair,54,45-54,7,4045,15,28315,4247.25,24067.75
10746,15 January 2025,North,Australia,Grocery,Beverages,40,35-44,1,9619,20,9619,1923.8,7695.2
10747,16 January 2025,West,USA,Furniture,Shirt,52,45-54,8,18834,15,150672,22600.8,128071.2
10748,17 January 2025,North,India,Furniture,Mobile,48,45-54,9,15076,5,135684,6784.2,128899.8
10749,18 January 2025,East,India,Grocery,Chair,39,35-44,7,9752,10,68264,6826.4,61437.6
10750,19 January 2025,South,India,Electronics,Chair,52,45-54,1,33733,5,33733,1686.65,32046.35
10751,20 January 2025,West,India,Grocery,Jeans,55,55+,5,36585,10,182925,18292.5,164632.5
10752,21 January 2025,West,UK,Furniture,Jeans,57,55+,9,9204,10,82836,8283.6,74552.4
10753,22 January 2025,East,India,Grocery,Shirt,46,45-54,6,12944,5,77664,3883.2,73780.8
10754,23 January 2025,West,Australia,Grocery,Shirt,29,25-34,8,16459,15,131672,19750.8,111921.2
10755,24 January 2025,North,India,Clothing,Mobile,64,55+,8,29953,10,239624,23962.4,215661.6
10756,25 January 2025,East,USA,Clothing,Laptop,20,18-24,3,16698,15,50094,7514.1,42579.9
10757,26 January 2025,North,USA,Grocery,Mobile,21,18-24,1,38742,0,38742,0,38742
10758,27 January 2025,South,India,Furniture,Chair,40,35-44,5,5109,5,25545,1277.25,24267.75
10759,28 January 2025,West,Australia,Clothing,Chair,28,25-34,3,10564,15,31692,4753.8,26938.2
10760,29 January 2025,West,India,Clothing,Mobile,45,45-54,4,17412,0,69648,0,69648
10761,30 January 2025,West,India,Grocery,Laptop,19,18-24,6,35122,20,210732,42146.4,168585.6
10762,31 January 2025,North,USA,Grocery,Jeans,24,18-24,3,47845,0,143535,0,143535
10763,01 February 2025,West,Canada,Electronics,Beverages,61,55+,8,19961,10,159688,15968.8,143719.2
10764,02 February 2025,North,USA,Grocery,Beverages,30,25-34,2,17764,0,35528,0,35528
10765,03 February 2025,West,UK,Electronics,Laptop,48,45-54,7,40416,5,282912,14145.6,268766.4
10766,04 February 2025,North,Canada,Furniture,Beverages,21,18-24,2,43129,15,86258,12938.7,73319.3
10767,05 February 2025,North,UK,Electronics,Beverages,58,55+,4,1976,20,7904,1580.8,6323.2
10768,06 February 2025,East,USA,Furniture,Laptop,33,25-34,7,15935,0,111545,0,111545
10769,07 February 2025,East,India,Furniture,Beverages,63,55+,5,36531,10,182655,18265.5,164389.5
10770,08 February 2025,West,UK,Furniture,Snacks,25,25-34,9,21784,10,196056,19605.6,176450.4
10771,09 February 2025,North,USA,Grocery,Chair,60,55+,9,20006,0,180054,0,180054
10772,10 February 2025,East,USA,Furniture,Beverages,21,18-24,7,30143,0,211001,0,211001
10773,11 February 2025,East,Australia,Grocery,Table,43,35-44,7,26674,20,186718,37343.6,149374.4
10774,12 February 2025,South,USA,Furniture,Table,30,25-34,4,13635,0,54540,0,54540
10775,13 February 2025,West,UK,Electronics,Chair,53,45-54,2,49389,15,98778,14816.7,83961.3
10776,14 February 2025,West,Australia,Furniture,Mobile,28,25-34,6,13025,0,78150,0,78150
10777,15 February 2025,South,Canada,Furniture,Mobile,29,25-34,2,26351,5,52702,2635.1,50066.9
10778,16 February 2025,East,Australia,Furniture,Laptop,55,55+,9,27960,10,251640,25164,226476
10779,17 February 2025,North,India,Electronics,Chair,52,45-54,6,3441,15,20646,3096.9,17549.1
10780,18 February 2025,North,Australia,Grocery,Beverages,23,18-24,7,27924,5,195468,9773.4,185694.6
10781,19 February 2025,South,Canada,Clothing,Jeans,51,45-54,7,16223,5,113561,5678.05,107882.95
10782,20 February 2025,East,UK,Grocery,Mobile,46,45-54,2,46596,5,93192,4659.6,88532.4
10783,21 February 2025,East,Australia,Grocery,Jeans,39,35-44,1,11093,0,11093,0,11093
10784,22 February 2025,East,Australia,Electronics,Jeans,39,35-44,4,37815,5,151260,7563,143697
10785,23 February 2025,South,USA,Grocery,Table,29,25-34,1,9093,10,9093,909.3,8183.7
10786,24 February 2025,South,Australia,Electronics,Shirt,61,55+,3,8654,0,25962,0,25962
10787,25 February 2025,East,Canada,Electronics,Shirt,21,18-24,8,9693,20,77544,15508.8,62035.2
10788,26 February 2025,North,Australia,Clothing,Beverages,38,35-44,4,18765,5,75060,3753,71307
10789,27 February 2025,East,Australia,Electronics,Table,24,18-24,1,41783,0,41783,0,41783
10790,28 February 2025,West,USA,Clothing,Table,19,18-24,3,2521,0,7563,0,7563
10791,01 March 2025,South,USA,Furniture,Jeans,19,18-24,6,2714,10,16284,1628.4,14655.6
10792,02 March 2025,East,USA,Electronics,Table,50,45-54,9,34860,10,313740,31374,282366
10793,03 March 2025,West,Australia,Clothing,Snacks,36,35-44,4,26283,15,105132,15769.8,89362.2
10794,04 March 2025,South,Canada,Electronics,Snacks,25,25-34,4,8092,20,32368,6473.6,25894.4
10795,05 March 2025,South,India,Grocery,Beverages,24,18-24,2,5125,20,10250,2050,8200
10796,06 March 2025,South,USA,Clothing,Mobile,64,55+,9,30105,5,270945,13547.25,257397.75
10797,07 March 2025,West,UK,Electronics,Mobile,61,55+,4,26536,15,106144,15921.6,90222.4
10798,08 March 2025,West,Australia,Clothing,Chair,54,45-54,2,2965,15,5930,889.5,5040.5
10799,09 March 2025,East,Canada,Grocery,Laptop,43,35-44,6,19079,10,114474,11447.4,103026.6
10800,10 March 2025,West,Australia,Furniture,Jeans,62,55+,3,12968,5,38904,1945.2,36958.8
10801,11 March 2025,West,USA,Grocery,Mobile,52,45-54,3,26283,5,78849,3942.45,74906.55
10802,12 March 2025,North,USA,Clothing,Table,25,25-34,6,43591,15,261546,39231.9,222314.1
10803,13 March 2025,North,Australia,Furniture,Snacks,48,45-54,7,19783,0,138481,0,138481
10804,14 March 2025,West,UK,Furniture,Chair,29,25-34,3,24855,5,74565,3728.25,70836.75
10805,15 March 2025,West,India,Grocery,Chair,30,25-34,2,49604,10,99208,9920.8,89287.2
10806,16 March 2025,South,Australia,Furniture,Snacks,33,25-34,2,22506,0,45012,0,45012
10807,17 March 2025,West,India,Electronics,Jeans,21,18-24,9,3512,5,31608,1580.4,30027.6
10808,18 March 2025,West,Australia,Clothing,Snacks,23,18-24,6,12392,20,74352,14870.4,59481.6
10809,19 March 2025,West,USA,Grocery,Snacks,35,35-44,3,35705,15,107115,16067.25,91047.75
10810,20 March 2025,East,USA,Grocery,Jeans,59,55+,8,3783,10,30264,3026.4,27237.6
10811,21 March 2025,North,India,Clothing,Laptop,49,45-54,1,40991,10,40991,4099.1,36891.9
10812,22 March 2025,East,Australia,Furniture,Beverages,36,35-44,3,33803,0,101409,0,101409
10813,23 March 2025,East,USA,Electronics,Snacks,51,45-54,1,15392,5,15392,769.6,14622.4
10814,24 March 2025,West,USA,Furniture,Shirt,27,25-34,2,47109,15,94218,14132.7,80085.3
10815,25 March 2025,South,India,Furniture,Mobile,27,25-34,1,41063,15,41063,6159.45,34903.55
10816,26 March 2025,South,Canada,Clothing,Beverages,42,35-44,5,37800,0,189000,0,189000
10817,27 March 2025,South,Australia,Grocery,Jeans,58,55+,8,11754,0,94032,0,94032
10818,28 March 2025,West,Canada,Electronics,Shirt,28,25-34,7,33995,0,237965,0,237965
10819,29 March 2025,West,Canada,Electronics,Beverages,49,45-54,5,41835,0,209175,0,209175
10820,30 March 2025,East,UK,Clothing,Laptop,57,55+,5,34983,15,174915,26237.25,148677.75
10821,31 March 2025,East,UK,Grocery,Shirt,19,18-24,1,47426,0,47426,0,47426
10822,01 April 2025,South,USA,Grocery,Shirt,37,35-44,9,5069,10,45621,4562.1,41058.9
10823,02 April 2025,West,UK,Clothing,Chair,29,25-34,8,48177,0,385416,0,385416
10824,03 April 2025,West,UK,Furniture,Table,26,25-34,1,43077,0,43077,0,43077
10825,04 April 2025,East,USA,Clothing,Mobile,59,55+,2,19848,15,39696,5954.4,33741.6
10826,05 April 2025,East,Canada,Furniture,Beverages,41,35-44,2,34094,5,68188,3409.4,64778.6
10827,06 April 2025,South,Canada,Grocery,Beverages,60,55+,7,37960,20,265720,53144,212576
10828,07 April 2025,West,UK,Electronics,Chair,53,45-54,2,3227,20,6454,1290.8,5163.2
10829,08 April 2025,East,Canada,Clothing,Mobile,47,45-54,6,39957,20,239742,47948.4,191793.6
10830,09 April 2025,North,Canada,Furniture,Table,32,25-34,5,44213,20,221065,44213,176852
10831,10 April 2025,North,Canada,Furniture,Chair,56,55+,9,39697,10,357273,35727.3,321545.7
10832,11 April 2025,North,Canada,Clothing,Jeans,19,18-24,6,34670,10,208020,20802,187218
10833,12 April 2025,South,Canada,Electronics,Jeans,48,45-54,9,49523,0,445707,0,445707
10834,13 April 2025,West,India,Electronics,Laptop,57,55+,5,18346,5,91730,4586.5,87143.5
10835,14 April 2025,North,Canada,Grocery,Beverages,45,45-54,9,24917,20,224253,44850.6,179402.4
10836,15 April 2025,East,Canada,Electronics,Chair,37,35-44,4,34427,20,137708,27541.6,110166.4
10837,16 April 2025,North,USA,Furniture,Shirt,50,45-54,6,44296,10,265776,26577.6,239198.4
10838,17 April 2025,North,India,Grocery,Mobile,29,25-34,2,11734,5,23468,1173.4,22294.6
10839,18 April 2025,South,Australia,Electronics,Table,58,55+,6,13180,15,79080,11862,67218
10840,19 April 2025,East,Canada,Electronics,Snacks,41,35-44,5,6269,20,31345,6269,25076
10841,20 April 2025,West,USA,Electronics,Beverages,39,35-44,3,43860,5,131580,6579,125001
10842,21 April 2025,West,UK,Clothing,Beverages,18,18-24,4,3166,20,12664,2532.8,10131.2
10843,22 April 2025,North,Canada,Electronics,Mobile,30,25-34,2,18988,15,37976,5696.4,32279.6
10844,23 April 2025,East,USA,Grocery,Jeans,26,25-34,9,49377,5,444393,22219.65,422173.35
10845,24 April 2025,North,UK,Electronics,Laptop,57,55+,1,43974,5,43974,2198.7,41775.3
10846,25 April 2025,East,India,Electronics,Laptop,38,35-44,7,17328,20,121296,24259.2,97036.8
10847,26 April 2025,North,UK,Grocery,Snacks,56,55+,3,42195,10,126585,12658.5,113926.5
10848,27 April 2025,South,UK,Furniture,Beverages,51,45-54,8,29411,15,235288,35293.2,199994.8
10849,28 April 2025,North,India,Grocery,Chair,36,35-44,3,36314,10,108942,10894.2,98047.8
10850,29 April 2025,North,UK,Furniture,Laptop,21,18-24,7,18776,10,131432,13143.2,118288.8
10851,30 April 2025,South,India,Clothing,Jeans,64,55+,7,24158,5,169106,8455.3,160650.7
10852,01 May 2025,East,India,Clothing,Laptop,58,55+,4,8370,10,33480,3348,30132
10853,02 May 2025,East,Australia,Grocery,Beverages,49,45-54,8,6601,20,52808,10561.6,42246.4
10854,03 May 2025,East,India,Electronics,Chair,49,45-54,7,20240,10,141680,14168,127512
10855,04 May 2025,South,UK,Electronics,Mobile,60,55+,4,10820,0,43280,0,43280
10856,05 May 2025,North,UK,Electronics,Table,41,35-44,7,34671,0,242697,0,242697
10857,06 May 2025,West,UK,Electronics,Jeans,34,25-34,8,30647,5,245176,12258.8,232917.2
10858,07 May 2025,North,India,Electronics,Jeans,42,35-44,8,10433,5,83464,4173.2,79290.8
10859,08 May 2025,East,USA,Clothing,Shirt,49,45-54,5,9986,5,49930,2496.5,47433.5
10860,09 May 2025,East,Australia,Electronics,Jeans,51,45-54,2,29314,5,58628,2931.4,55696.6
10861,10 May 2025,South,USA,Furniture,Mobile,29,25-34,1,10402,0,10402,0,10402
10862,11 May 2025,West,UK,Electronics,Laptop,37,35-44,8,36217,10,289736,28973.6,260762.4
10863,12 May 2025,West,USA,Grocery,Jeans,61,55+,1,18915,0,18915,0,18915
10864,13 May 2025,South,India,Furniture,Beverages,24,18-24,8,22482,0,179856,0,179856
10865,14 May 2025,North,USA,Grocery,Shirt,36,35-44,2,11386,15,22772,3415.8,19356.2
10866,15 May 2025,North,India,Clothing,Chair,63,55+,1,48967,10,48967,4896.7,44070.3
10867,16 May 2025,North,USA,Furniture,Laptop,18,18-24,5,42766,0,213830,0,213830
10868,17 May 2025,South,Canada,Furniture,Mobile,39,35-44,7,42463,15,297241,44586.15,252654.85
10869,18 May 2025,North,UK,Electronics,Mobile,61,55+,6,40411,15,242466,36369.9,206096.1
10870,19 May 2025,South,Australia,Furniture,Laptop,60,55+,6,1564,20,9384,1876.8,7507.2
10871,20 May 2025,North,Canada,Clothing,Jeans,63,55+,6,11331,5,67986,3399.3,64586.7
10872,21 May 2025,West,Australia,Electronics,Mobile,31,25-34,4,38080,15,152320,22848,129472
10873,22 May 2025,West,UK,Grocery,Jeans,25,25-34,5,49167,5,245835,12291.75,233543.25
10874,23 May 2025,East,USA,Electronics,Chair,18,18-24,4,3513,15,14052,2107.8,11944.2
10875,24 May 2025,South,Canada,Furniture,Beverages,23,18-24,8,17475,10,139800,13980,125820
10876,25 May 2025,East,UK,Furniture,Table,64,55+,5,15276,15,76380,11457,64923
10877,26 May 2025,West,India,Clothing,Mobile,31,25-34,7,27365,5,191555,9577.75,181977.25
10878,27 May 2025,East,UK,Clothing,Chair,26,25-34,5,45428,15,227140,34071,193069
10879,28 May 2025,North,Canada,Clothing,Table,56,55+,5,6142,5,30710,1535.5,29174.5
10880,29 May 2025,South,Australia,Clothing,Jeans,20,18-24,3,39781,10,119343,11934.3,107408.7
10881,30 May 2025,South,UK,Clothing,Shirt,51,45-54,1,26565,20,26565,5313,21252
10882,31 May 2025,East,USA,Grocery,Table,64,55+,3,7704,0,23112,0,23112
10883,01 June 2025,West,UK,Grocery,Chair,20,18-24,7,15263,0,106841,0,106841
10884,02 June 2025,East,UK,Electronics,Table,23,18-24,8,25625,15,205000,30750,174250
10885,03 June 2025,North,Canada,Furniture,Chair,58,55+,8,34611,10,276888,27688.8,249199.2
10886,04 June 2025,South,Canada,Electronics,Jeans,43,35-44,8,36891,20,295128,59025.6,236102.4
10887,05 June 2025,East,Australia,Clothing,Beverages,42,35-44,5,29231,15,146155,21923.25,124231.75
10888,06 June 2025,North,Canada,Furniture,Laptop,24,18-24,8,29251,5,234008,11700.4,222307.6
10889,07 June 2025,South,Canada,Clothing,Laptop,33,25-34,7,49024,0,343168,0,343168
10890,08 June 2025,East,Australia,Clothing,Shirt,28,25-34,1,5530,0,5530,0,5530
10891,09 June 2025,South,UK,Electronics,Laptop,63,55+,2,18289,15,36578,5486.7,31091.3
10892,10 June 2025,North,Canada,Furniture,Chair,37,35-44,2,1771,20,3542,708.4,2833.6
10893,11 June 2025,West,UK,Furniture,Mobile,40,35-44,2,37219,5,74438,3721.9,70716.1
10894,12 June 2025,North,India,Furniture,Snacks,20,18-24,6,37303,0,223818,0,223818
10895,13 June 2025,West,Canada,Furniture,Shirt,60,55+,8,13062,20,104496,20899.2,83596.8
10896,14 June 2025,South,USA,Electronics,Chair,29,25-34,2,35735,0,71470,0,71470
10897,15 June 2025,South,Canada,Grocery,Mobile,57,55+,9,3027,5,27243,1362.15,25880.85
10898,16 June 2025,West,USA,Furniture,Snacks,29,25-34,7,5459,0,38213,0,38213
10899,17 June 2025,South,Australia,Furniture,Snacks,59,55+,1,19727,5,19727,986.35,18740.65
10900,18 June 2025,South,Canada,Electronics,Chair,26,25-34,6,38319,10,229914,22991.4,206922.6
10901,19 June 2025,South,Australia,Grocery,Snacks,37,35-44,7,45538,0,318766,0,318766
10902,20 June 2025,North,Australia,Clothing,Jeans,45,45-54,7,3279,15,22953,3442.95,19510.05
10903,21 June 2025,East,India,Grocery,Mobile,27,25-34,4,42290,0,169160,0,169160
10904,22 June 2025,South,Canada,Furniture,Beverages,24,18-24,8,30231,20,241848,48369.6,193478.4
10905,23 June 2025,West,Canada,Clothing,Chair,36,35-44,2,2973,0,5946,0,5946
10906,24 June 2025,East,India,Grocery,Beverages,32,25-34,6,23937,15,143622,21543.3,122078.7
10907,25 June 2025,North,USA,Grocery,Mobile,23,18-24,4,3240,5,12960,648,12312
10908,26 June 2025,South,Canada,Furniture,Snacks,37,35-44,4,17696,0,70784,0,70784
10909,27 June 2025,South,Australia,Clothing,Jeans,53,45-54,7,23860,0,167020,0,167020
10910,28 June 2025,East,Australia,Furniture,Jeans,53,45-54,7,40137,15,280959,42143.85,238815.15
10911,29 June 2025,West,India,Furniture,Beverages,40,35-44,4,19558,10,78232,7823.2,70408.8
10912,30 June 2025,South,UK,Furniture,Snacks,31,25-34,7,37863,0,265041,0,265041
10913,01 July 2025,South,Canada,Furniture,Laptop,39,35-44,5,49196,10,245980,24598,221382
10914,02 July 2025,East,Canada,Electronics,Beverages,25,25-34,2,27597,0,55194,0,55194
10915,03 July 2025,East,Australia,Clothing,Beverages,24,18-24,9,15101,5,135909,6795.45,129113.55
10916,04 July 2025,North,UK,Clothing,Mobile,31,25-34,3,38667,20,116001,23200.2,92800.8
10917,05 July 2025,West,India,Furniture,Laptop,46,45-54,1,14279,20,14279,2855.8,11423.2
10918,06 July 2025,East,Canada,Clothing,Beverages,61,55+,8,40016,20,320128,64025.6,256102.4
10919,07 July 2025,West,UK,Electronics,Snacks,38,35-44,7,28141,0,196987,0,196987
10920,08 July 2025,West,Australia,Grocery,Mobile,24,18-24,9,1935,5,17415,870.75,16544.25
10921,09 July 2025,West,UK,Grocery,Jeans,51,45-54,1,48924,0,48924,0,48924
10922,10 July 2025,East,India,Grocery,Laptop,46,45-54,3,7789,5,23367,1168.35,22198.65
10923,11 July 2025,West,India,Clothing,Jeans,27,25-34,3,37363,15,112089,16813.35,95275.65
10924,12 July 2025,North,India,Clothing,Snacks,43,35-44,7,25911,15,181377,27206.55,154170.45
10925,13 July 2025,East,Australia,Electronics,Table,24,18-24,2,23859,5,47718,2385.9,45332.1
10926,14 July 2025,North,Canada,Electronics,Shirt,31,25-34,9,34083,20,306747,61349.4,245397.6
10927,15 July 2025,South,Australia,Grocery,Snacks,26,25-34,9,15680,5,141120,7056,134064
10928,16 July 2025,South,Australia,Clothing,Laptop,59,55+,3,17060,5,51180,2559,48621
10929,17 July 2025,North,USA,Furniture,Beverages,43,35-44,9,49608,10,446472,44647.2,401824.8
10930,18 July 2025,South,Australia,Grocery,Shirt,56,55+,8,7679,5,61432,3071.6,58360.4
10931,19 July 2025,East,Australia,Furniture,Mobile,52,45-54,6,20556,0,123336,0,123336
10932,20 July 2025,North,UK,Electronics,Snacks,22,18-24,8,34550,20,276400,55280,221120
10933,21 July 2025,West,Australia,Electronics,Laptop,19,18-24,3,44504,0,133512,0,133512
10934,22 July 2025,North,India,Grocery,Chair,42,35-44,9,7641,15,68769,10315.35,58453.65
10935,23 July 2025,North,Canada,Electronics,Jeans,56,55+,8,10611,20,84888,16977.6,67910.4
10936,24 July 2025,North,India,Electronics,Beverages,57,55+,6,16495,5,98970,4948.5,94021.5
10937,25 July 2025,South,Australia,Clothing,Table,39,35-44,4,49450,20,197800,39560,158240
10938,26 July 2025,North,Canada,Furniture,Snacks,56,55+,6,45759,20,274554,54910.8,219643.2
10939,27 July 2025,North,India,Grocery,Jeans,38,35-44,9,37399,10,336591,33659.1,302931.9
10940,28 July 2025,South,Canada,Clothing,Shirt,56,55+,6,4841,10,29046,2904.6,26141.4
10941,29 July 2025,North,Canada,Electronics,Table,49,45-54,9,45992,20,413928,82785.6,331142.4
10942,30 July 2025,South,India,Electronics,Table,32,25-34,3,16248,5,48744,2437.2,46306.8
10943,31 July 2025,South,UK,Electronics,Chair,32,25-34,6,46616,15,279696,41954.4,237741.6
10944,01 August 2025,West,USA,Grocery,Beverages,26,25-34,7,43912,20,307384,61476.8,245907.2
10945,02 August 2025,East,Australia,Furniture,Snacks,54,45-54,3,34790,15,104370,15655.5,88714.5
10946,03 August 2025,West,USA,Clothing,Shirt,49,45-54,7,23336,5,163352,8167.6,155184.4
10947,04 August 2025,East,Canada,Grocery,Chair,26,25-34,8,31179,5,249432,12471.6,236960.4
10948,05 August 2025,North,USA,Furniture,Snacks,55,55+,3,45822,10,137466,13746.6,123719.4
10949,06 August 2025,East,UK,Furniture,Table,31,25-34,9,21625,20,194625,38925,155700
10950,07 August 2025,South,India,Grocery,Shirt,52,45-54,5,27408,5,137040,6852,130188
10951,08 August 2025,North,USA,Grocery,Snacks,57,55+,9,45070,10,405630,40563,365067
10952,09 August 2025,South,Canada,Electronics,Chair,37,35-44,2,35092,20,70184,14036.8,56147.2
10953,10 August 2025,South,USA,Grocery,Jeans,21,18-24,7,14617,5,102319,5115.95,97203.05
10954,11 August 2025,North,USA,Furniture,Laptop,49,45-54,1,35944,10,35944,3594.4,32349.6
10955,12 August 2025,East,Australia,Grocery,Beverages,24,18-24,3,29779,5,89337,4466.85,84870.15
10956,13 August 2025,West,UK,Furniture,Jeans,18,18-24,7,41825,5,292775,14638.75,278136.25
10957,14 August 2025,East,India,Furniture,Beverages,44,35-44,1,11252,10,11252,1125.2,10126.8
10958,15 August 2025,South,UK,Grocery,Shirt,62,55+,1,6293,5,6293,314.65,5978.35
10959,16 August 2025,South,Australia,Grocery,Snacks,43,35-44,8,27384,20,219072,43814.4,175257.6
10960,17 August 2025,North,USA,Grocery,Table,31,25-34,1,27255,15,27255,4088.25,23166.75
10961,18 August 2025,North,India,Electronics,Chair,48,45-54,3,18012,15,54036,8105.4,45930.6
10962,19 August 2025,South,Canada,Electronics,Mobile,57,55+,9,49285,10,443565,44356.5,399208.5
10963,20 August 2025,East,USA,Grocery,Jeans,42,35-44,3,49956,5,149868,7493.4,142374.6
10964,21 August 2025,East,India,Grocery,Mobile,49,45-54,6,16209,5,97254,4862.7,92391.3
10965,22 August 2025,South,UK,Grocery,Snacks,37,35-44,5,1169,10,5845,584.5,5260.5
10966,23 August 2025,West,Canada,Electronics,Chair,58,55+,1,9350,10,9350,935,8415
10967,24 August 2025,West,Canada,Grocery,Chair,61,55+,7,39303,10,275121,27512.1,247608.9
10968,25 August 2025,West,UK,Clothing,Shirt,18,18-24,9,18364,0,165276,0,165276
10969,26 August 2025,West,UK,Electronics,Mobile,28,25-34,7,20092,20,140644,28128.8,112515.2
10970,27 August 2025,South,USA,Electronics,Laptop,26,25-34,1,16672,15,16672,2500.8,14171.2
10971,28 August 2025,West,Australia,Furniture,Beverages,57,55+,5,19208,20,96040,19208,76832
10972,29 August 2025,West,USA,Clothing,Jeans,58,55+,8,49418,10,395344,39534.4,355809.6
10973,30 August 2025,North,Australia,Electronics,Chair,30,25-34,4,39501,15,158004,23700.6,134303.4
10974,31 August 2025,West,India,Furniture,Jeans,31,25-34,6,44019,15,264114,39617.1,224496.9
10975,01 September 2025,South,Canada,Electronics,Jeans,23,18-24,3,49721,5,149163,7458.15,141704.85
10976,02 September 2025,East,UK,Furniture,Table,23,18-24,8,25277,15,202216,30332.4,171883.6
10977,03 September 2025,West,Australia,Clothing,Jeans,29,25-34,3,32311,15,96933,14539.95,82393.05
10978,04 September 2025,South,Canada,Furniture,Snacks,30,25-34,2,13380,5,26760,1338,25422
10979,05 September 2025,West,India,Furniture,Shirt,55,55+,3,4747,15,14241,2136.15,12104.85
10980,06 September 2025,North,USA,Clothing,Laptop,31,25-34,5,28866,5,144330,7216.5,137113.5
10981,07 September 2025,East,Canada,Grocery,Snacks,43,35-44,5,25944,0,129720,0,129720
10982,08 September 2025,East,Canada,Furniture,Laptop,49,45-54,5,43236,5,216180,10809,205371
10983,09 September 2025,North,Canada,Grocery,Shirt,37,35-44,5,9943,5,49715,2485.75,47229.25
10984,10 September 2025,East,India,Furniture,Shirt,43,35-44,1,42973,5,42973,2148.65,40824.35
10985,11 September 2025,East,India,Grocery,Snacks,18,18-24,8,2635,20,21080,4216,16864
10986,12 September 2025,East,Australia,Electronics,Shirt,40,35-44,2,17668,15,35336,5300.4,30035.6
10987,13 September 2025,South,USA,Furniture,Shirt,20,18-24,7,23397,5,163779,8188.95,155590.05
10988,14 September 2025,North,Australia,Electronics,Beverages,36,35-44,6,48739,10,292434,29243.4,263190.6
10989,15 September 2025,South,Australia,Clothing,Table,40,35-44,6,38481,5,230886,11544.3,219341.7
10990,16 September 2025,North,India,Furniture,Mobile,45,45-54,4,3387,0,13548,0,13548
10991,17 September 2025,East,Australia,Electronics,Jeans,53,45-54,2,44030,20,88060,17612,70448
10992,18 September 2025,West,UK,Furniture,Jeans,52,45-54,4,16135,15,64540,9681,54859
10993,19 September 2025,South,Canada,Electronics,Shirt,52,45-54,5,48779,20,243895,48779,195116
10994,20 September 2025,North,India,Grocery,Chair,54,45-54,2,29314,20,58628,11725.6,46902.4
10995,21 September 2025,North,UK,Electronics,Beverages,32,25-34,3,7018,15,21054,3158.1,17895.9
10996,22 September 2025,North,UK,Grocery,Chair,58,55+,4,27674,20,110696,22139.2,88556.8
10997,23 September 2025,North,UK,Clothing,Shirt,63,55+,7,30750,15,215250,32287.5,182962.5
10998,24 September 2025,East,Canada,Electronics,Mobile,32,25-34,7,14480,10,101360,10136,91224
10999,25 September 2025,East,India,Electronics,Beverages,18,18-24,6,37429,5,224574,11228.7,213345.3
11000,26 September 2025,East,Australia,Furniture,Beverages,38,35-44,3,27875,10,83625,8362.5,75262.5
